ReferenceID,SATS,GCSE,GCE_AS,GCE_A
2661066,0.46297243717417336,0.7690021357586584,0.6813052486264181,0.5344428251010843
3848565,0.5964164991712985,0.5930955405255889,0.6022847130430194,0.456424903257625
5801449,0.6409424848401134,0.5805521873730973,0.6523316271028541,0.6113287844497599
1041736,0.6826500881505653,0.66584708984143,0.4199200534055099,0.4908055860081808
9545653,0.6039687169633636,0.6047591166859771,0.7370874679250164,0.6657425831973991
1335852,0.5496125056775646,0.5387391313262601,0.5875382405685595,0.31976092873536116
8148435,0.6168581083001032,0.6766235943833027,0.4412906820232745,0.39016507016845864
2818414,0.49032525086863626,0.8497738859284696,0.3824185946342812,0.573163692113568
1085532,0.4910699323451756,0.5847403276319808,0.7742388369659965,0.6061065053629241
7358351,0.8091276410677896,0.714360397719849,0.6340871360517194,0.6688288322750834
3890392,0.6092394382637029,0.7409293542179894,0.6580078486724485,0.4368356304324917
5019867,0.6682326838377781,0.5698000571624744,0.5579529028446544,0.5325503559512182
6529025,0.5267294634546409,0.5675727398394091,0.5807453868539323,0.6956699516720457
3103036,0.5089666731713386,0.748823792976466,0.43084811372162224,0.5619885589403124
2292693,0.6316695307327459,0.6001641806328732,0.7534107345555229,0.6097749540877491
8505719,0.792295560714011,0.7304787581403714,0.6295467965197492,0.6088813722115969
8565100,0.6249203912778201,0.7711262045236257,0.408197151134855,0.7555819501673775
5819175,0.5503010345309081,0.7991467031684791,0.5268071876900647,0.5019059691709248
1836047,0.5979038500209977,0.6247169019756369,0.488655849540516,0.8698230400085889
9846636,0.5975902196743471,0.5571042681900616,0.5924129763254726,0.471446181366661
9417788,0.8647222513519608,0.6581323430191532,0.605943508095774,0.18628855415487822
8661111,0.488616611106646,0.6119624813491166,0.44975902361077835,0.4146251511805852
8326191,0.7730954907859359,0.6659991592852039,0.4358531000847016,0.21947061705600046
5049886,0.7138186778788169,0.9637095693119073,0.7684295733902253,0.39028370135331014
8225111,0.7054072224755985,0.4930500374988544,0.6361574270032628,0.5778641739093614
3627236,0.5928039421832504,0.5352343320096175,0.7091725223744807,0.5244598190255532
6735722,0.5531486192377437,0.7126101273295403,0.600755480264926,0.7023203373135525
7732949,0.6198759579422538,0.5770481656353651,0.5625023299211434,0.650330624808547
4431026,0.8256467365397495,0.6385810641831676,0.38320337296821555,0.5631926810877428
8103103,0.4563443615997378,0.828330758301355,0.6168369258703382,0.6427884606688331
9068331,0.6591812750109619,0.7690201429374859,0.404813341307285,0.4314682709055189
5848662,0.6690156564681808,0.7809218248671828,0.7137700330636397,0.5483185569458767
7356977,0.5866330804304962,0.4303405908941574,0.5706960003543815,0.4104381199782229
2440704,0.6822386288630772,0.6286893949503495,0.53642340789654,0.4861893281659005
3188549,0.7215191785064463,0.5976254178165632,0.49710922196249924,0.38422071034000854
3898945,0.5799337202361684,0.4500962821461007,0.3753164590669387,0.5982521599874887
5778369,0.6389506736695754,0.49074924322007696,0.6520948942195711,0.4113963466158106
4056399,0.4943755598870736,0.608965006933989,0.5546379990737694,0.632817738957251
1848333,0.6651707326681986,0.53126469972198,0.5076103448417766,0.4805066689017539
4447618,0.4295514096901526,0.734883088978189,0.5551085120406862,0.4771878754581772
3375490,0.5288102929535679,0.6448508881677157,0.5832316792957929,0.4267358963837777
1532833,0.7381289862967443,0.8085018389174912,0.41141718952211637,0.5851870005858175
2372558,0.528027427452035,0.8329630077223845,0.545055895616943,0.38863284206807824
5334097,0.711196266398353,0.47622818336338657,0.31177844850256775,0.6994375850499781
3274414,0.4599815839219496,0.5641853066765646,0.6616733547452851,0.605674324584613
3214469,0.6019733315960479,0.7529308698767969,0.6162970247505963,0.6353386439884844
4675578,0.32268537161229505,0.477265538294257,0.5177078999573999,0.6636100974359155
3901069,0.5975827271419457,0.6926805959253305,0.5141467346340958,0.4781527896125151
3673356,0.4294835083405795,0.5004153791042518,0.6574676078503066,0.48618892085944115
7591634,0.4889986279647294,0.5743313436407091,0.7050140491829758,0.5654148318195434
4954802,0.5410801141349756,0.7259238352228499,0.6156506887987104,0.5986114004025826
7676138,0.4313550220040624,0.6912113264089832,0.42035316354005603,0.6323095271867537
6338982,0.40983341461698397,0.6950498025597232,0.35403421656124623,0.5651300629172977
5220125,0.6547903928061416,0.7183234731130068,0.6515098712288506,0.5219606288664355
5152537,0.3636512271181568,0.7157574956968891,0.9200907501935601,0.30300679880153064
4058587,0.632961372170733,0.6023730742228396,0.47611163562976794,0.7427767591164984
4351312,0.5622699634872952,0.5907684767885106,0.6956276575938823,0.5435728411503229
7126904,0.6495343662027637,0.6095105203450587,0.7036556817579773,0.8023201639577955
7238257,0.8131365114809341,0.7204940167943911,0.5884296845163406,0.5165387629724095
8265042,0.6569082080257761,0.6878093353770698,0.5158698427182516,0.2964672699820954
8640915,0.6005068083975962,0.6048082129492148,0.6846765416168045,0.5530738185568371
9500660,0.6025246168494509,0.5623120521904666,0.6166360676188624,0.33947584358709565
7848533,0.6818545983566612,0.5902681299264354,0.5452585534251486,0.512383645849431
2392882,0.7391304823374092,0.7538979469666827,0.592623991491996,0.6810562041095871
7395494,0.49123588623713654,0.7631538363075047,0.518204528661709,0.47746263452066684
5313923,0.5720004766820351,0.49728120044669044,0.6027447528610591,0.33288201717545063
3377059,0.8692857419628408,0.7568161651333458,0.74599071240737,0.7221791569064842
4595069,0.6174052545655933,0.8337840333628106,0.639165153741661,0.46011145983809987
4633263,0.5360840180714391,0.574940392823494,0.7698971627608382,0.6262678259846072
6474388,0.7385950268568211,0.6199336040253142,0.39277107393546046,0.7073646315965841
4144402,0.607446828826113,0.7735981310941646,0.4167979326217791,0.8007021075942067
5395578,0.4857255750326175,0.5297736861250741,0.6283562886433335,0.7175293071055041
3099354,0.7677536586836897,0.8771578940459166,0.8435410332771587,0.4941869708710804
3772173,0.6763953998411443,0.6374707177863091,0.5777180961849618,0.2969046170308926
2693166,0.8319796561997315,0.7248838976299119,0.5761275179129841,0.345526238193701
1616837,0.5598719514483169,0.6891741519666981,0.724611709838938,0.6511046064752564
5421287,0.5596290175779105,0.7423973907372027,0.6405674662044529,0.39523136223540284
4039932,0.5423778599917671,0.5943937236894331,0.7011401226085345,0.5152254559659534
6002830,0.693176631534901,0.5432481164790485,0.5912642886662628,0.4221146167601539
5395618,0.6273568385937369,0.7713424735912802,0.6110600134789504,0.5353885941926007
7210185,0.4721632197899941,0.8038854943932243,0.6987018437286754,0.5712401684321629
4592919,0.7015211789374145,0.5604355665281296,0.5952919418209689,0.5842099669197577
4274211,0.6291123584792583,0.6610931612482753,0.6253863017993295,0.5022872990360059
7824067,0.6088813714913582,0.6451575674657226,0.7080524272865616,0.6623788489329695
5956644,0.6505688594054133,0.7713832307798197,0.7488655872981416,0.6441018644584492
9886957,0.4921293492496075,0.7942683367716843,0.6085545849723715,0.5920200684010428
5721036,0.637249365045024,0.6291250262823097,0.5419011986199509,0.42877365182119886
5154922,0.6441087986447757,0.6087477555534736,0.4862606104929905,0.46527724164150996
2947107,0.6090569913072192,0.8260624422389435,0.6638029579662692,0.6130330201556506
2073451,0.8506610777341266,0.3315320964960981,0.4206045665131536,0.615503545837443
9094359,0.5179020314485537,0.7693228480219071,0.6522760994654162,0.8753506299016718
2965659,0.47377294079916127,0.7239548637770428,0.47331236483141065,0.4623751275962248
5073025,0.40344220159859995,0.6467044560207573,0.47742919287240265,0.5387502351934984
1562747,0.565410862547278,0.6778945516725772,0.5087124739675595,0.8314505898305293
7617170,0.49380123944480137,0.6268417214198433,0.5255042404776835,0.4416937734832073
7991638,0.4911025823982821,0.6748089971024858,0.6562941846920476,0.6739820282888801
8792721,0.766950740438354,0.5472901161348227,0.567296077087504,0.720702281327353
8076206,0.7020909422692599,0.7770530342424871,0.5832880215947326,0.6410601940609942
5022141,0.5912819602057277,0.8005271707283486,0.3820658209450941,0.5721990736072657
8002157,0.6001819582791714,0.5843485102298122,0.8806572645716023,0.46773389401253135
1563624,0.6110793684465664,0.7335888335714458,0.6343011953054166,0.7110892919518204
1849220,0.8155726329153686,0.7710218408517434,0.5838962860635947,0.6538132609086236
5857203,0.6139409527765822,0.49621631965327484,0.45572713337376225,0.42943380459225705
2511803,0.6837621739595928,0.5223053808364583,0.5824383435900641,0.37168131675920946
7243929,0.6650516646583354,0.5578252485026908,0.7076788650691906,0.477710382342037
5576142,0.6684572241695406,0.6913105479854688,0.48862885984794135,0.508334596017799
2140168,0.8129368072988856,0.29670488194048533,0.6055896431779905,0.497099601383769
7246562,0.645964912169376,0.830916670723061,0.6831340576819949,0.5652040981825845
9572312,0.6151555060191638,0.5570280400614167,0.5501578740494304,0.5251623102020152
1108930,0.5515750341243699,0.49936192568476095,0.7588939388773249,0.6631204743970269
7533098,0.5061934160430279,0.7982097610045005,0.6064955672548153,0.7186804030305904
8144746,0.45019894422005646,0.5306851007916731,0.8160240257547626,0.48342946079434346
9335649,0.5534578224052732,0.7472995820260274,0.6035405939910007,0.32318778442397933
6902434,0.6592296389941543,0.5573767096563932,0.5804734762485486,0.5899760084688073
2197696,0.6115332197481773,0.6181869508941926,0.7947162000813605,0.5273154178820396
7535803,0.5166615409731943,0.6359173511009041,0.5356697589580608,0.618384871141469
4617505,0.5648034570614925,0.698796640710571,0.5351645306344134,0.6133732579226321
1094392,0.7038467544730183,0.7762774536099909,0.5037416425080967,0.4499266063903448
2388333,0.722059356591436,0.8225136573941307,0.39485681496088865,0.39941833222648676
8173843,0.6762820111647299,0.5250042193438349,0.585619562913312,0.5609337643641711
6735734,0.445843846022696,0.6613449692305994,0.6138594261827003,0.560402979405647
9640551,0.644129086917214,0.49342450692386985,0.7127253458127502,0.49570112628278984
6787840,0.8025560230073745,0.43684355003375397,0.8017309690543291,0.6343806863961856
5975914,0.6498989370095202,0.5764505933615317,0.607732613450149,0.6325064582102838
7904009,0.38036466863016855,0.5522281112238907,0.4311927970160168,0.3927229220315226
4206078,0.838755539509235,0.6327976261988498,0.5419295853695698,0.6591490139606024
2614711,0.6890770149733841,0.6472946080893384,0.44901315285699406,0.4734782821329456
8780292,0.5744890928409839,0.5334032560615724,0.37520270605423756,0.39980881878285657
5902496,0.5270653910273246,0.43744157882284423,0.3850090064989302,0.6149925636970477
2170313,0.8224260093373569,0.8044935938564715,0.7662777086358978,0.5216546301426317
8631641,0.46311945177958114,0.5431079339770668,0.7093447937978209,0.46311176854229297
5348849,0.7615991441279375,0.7456293033427923,0.7362157796426759,0.47729383194223884
9433187,0.5971590927535143,0.7969927433347574,0.5553332805683766,0.5388550222674375
8730007,0.27421875141867896,0.7197579757390953,0.6991253397695494,0.3335040050853406
8338996,0.3739184359287174,0.6273830469354367,0.5017560121979271,0.44033811498323994
8324619,0.6683816494531457,0.7153279934002919,0.7452477178238868,0.5689409494217426
3591209,0.6239278560024429,0.7590163963454652,0.5459134607273458,0.6082938816309857
4875994,0.5945928293155239,0.5565508885525468,0.5216792618576873,0.6895100709096917
1429811,0.6013200442311141,0.5656752235175021,0.48327288093610327,0.42756005797277563
1443305,0.3981931724566523,0.5551543178621604,0.47784390061669474,0.5833697217745827
7785622,0.61741169465616,0.5050395630748616,0.5684548145852775,0.48821013007927766
2027264,0.5404350754291652,0.6425032481328674,0.7214489885778381,0.46865193918866743
8197623,0.7141158444755331,0.6331790085091388,0.5703631560136734,0.4288927103952723
9763979,0.7667641506167542,0.8192037796089697,0.593395903537181,0.40682968378499557
5616204,0.5757687849296462,0.612539289742405,0.5196125321633356,0.5001350370802181
5989312,0.859497864045743,0.4716321678000709,0.5136583536118531,0.5878215757051728
8049581,0.4310977077070736,0.5975393227754443,0.5366721023163975,0.49917064051514715
2967428,0.7864943974373559,0.7106755249502574,0.5458605984847212,0.6731012313126445
9103476,0.4725594898539977,0.5436943657812368,0.42930576964730693,0.5310867960092692
7780349,0.3220089567071545,0.5836382439194987,0.5641493644369097,0.8322077734247386
5999064,0.4254978889621224,0.7011638315030853,0.6314795315399453,0.6730092357733644
8134951,0.5790521587809367,0.5815366913320977,0.549671892854368,0.5877376796792384
8469785,0.5921738124256735,0.48605991420182687,0.6730844176209234,0.6498614726097397
6750659,0.72585960557405,0.7385620347709602,0.4336695077617747,0.5261957916053676
4420829,0.7005681913860959,0.574211118858053,0.43971835610350307,0.4105645048369334
1747857,0.39111569950881464,0.7025253887679871,0.4167691522990637,0.7521818327201221
8472639,0.4331473799837725,0.7905443865969521,0.3923829005447887,0.47673801208956373
3236705,0.6400053079700212,0.4784139160575275,0.5670734508783104,0.6294254309513863
3371717,0.7310946600826616,0.7769064944443826,0.6352693951831884,0.35807197662334234
2387251,0.4736684618287119,0.5089040457949879,0.6208910726515691,0.7189844664942097
5690925,0.4698955421083576,0.7468177406298501,0.46075240519387295,0.5887836873915394
4338878,0.7812218310411343,0.7563993928450151,0.6157680582631301,0.5007383700889692
9002034,0.5379944260666124,0.6009295582395122,0.4959481669730289,0.45971497298273206
8798512,0.5441903540097325,0.5472693057035873,0.752933738354272,0.5389038663394246
7248728,0.7708964944098584,0.6303186107369487,0.8730114287309176,0.5243219245932006
3613312,0.7325527470928384,0.44513474746011894,0.6165827799139505,0.2925821346818353
1161176,0.4311482498167427,0.5903352860004532,0.42576087598939627,0.5656481194885772
3627286,0.4917853414713789,0.7681580976675404,0.432965745525312,0.5988898196367287
9532522,0.8653689371310633,0.8647221823248658,0.6445712804138926,0.5618832253700786
2183597,0.4873273470140757,0.7562886146922232,0.5916726680376762,0.6103312701562822
4801998,0.7046141040700917,0.47036586546077175,0.41244602036493533,0.7077343673338581
2767546,0.597791493943261,0.5507574591445259,0.30786386487637424,0.674432136098668
5448012,0.799285455230228,0.6368221740158369,0.580532787160781,0.660539815318298
3385864,0.6686391961784584,0.7808597194925968,0.7979798325722776,0.5838281787518721
1683255,0.6703109313098173,0.5559866749600393,0.5608451762143242,0.6865803728512072
1193182,0.41078194203366636,0.6082174056840027,0.5226587522764959,0.6440452470955745
7003084,0.7317706021100236,0.6808636184554535,0.6802341925428488,0.44302096728238205
1931288,0.5112076882862829,0.8385100029152427,0.6015712191321975,0.6482584244309986
7061535,0.7547371125753247,0.5557118730772985,0.5805909751250445,0.3025034039046872
6807284,0.7037960312743057,0.5204548200295773,0.6495586873076065,0.2556276942418308
1979200,0.4583765550710541,0.5813507968582989,0.5423433723084308,0.2889482950127487
3682537,0.49833244698262585,0.6977172652226649,0.6555394776128786,0.5324311677096056
6422186,0.5830389343533788,0.7622104160121724,0.5431275359390385,0.6359199349360638
9082691,0.5555959298983062,0.43200925330814344,0.576884551628798,0.465619141039438
1543694,0.4734570399733058,0.7977859999870358,0.8205572676788017,0.34467842631886614
5309653,0.6831243402173163,0.6715489510787933,0.6430385124979519,0.5709684918321146
1463367,0.47469478567361023,0.6569510428530098,0.4217549745932153,0.42127993661921936
6146470,0.6210968620209617,0.6523108307977239,0.7138884993009859,0.6050881482154674
4373385,0.5939165948335149,0.6263627958770994,0.719928175201701,0.4676113102354489
8450816,0.6145428745127259,0.3989245080293191,0.5094197917347955,0.4409662968386945
3872128,0.6314830315245451,0.6753000114514479,0.8722767337440069,0.42690796612043636
1103361,0.39973997339071843,0.4421286839172568,0.6610621772232173,0.5411007268757422
3959156,0.5967096528727481,0.5181561556577666,0.6935698954641146,0.5189355791169534
2966935,0.5715103448056857,0.5960875588309875,0.6563502210090701,0.33674004808641667
2348706,0.4126096171729767,0.45848010225773045,0.4996968016231548,0.681431353936231
4897701,0.5264671569896315,0.6562915990534586,0.5672190240661306,0.4906981578628362
4888411,0.6760201985229265,0.677496943219786,0.3346444017743415,0.5826583693574419
6017520,0.5530430537189253,0.7702860283224353,0.5509238781788953,0.46185405942318414
8699483,0.7461484976821914,0.728733654959337,0.6863341617792276,0.6658598842846327
8080011,0.6064564474509546,0.5086916912364524,0.6966141800577064,0.5752520009242196
6517504,0.6159590205854355,0.7341301407165182,0.4931918506954635,0.4647094502495735
6147825,0.47535304738067446,0.5498427329197463,0.8201210924041192,0.47303503236320404
2871782,0.6224293937955738,0.6390665383079074,0.6303886737514632,0.6050372707930477
8748004,0.5146334913710207,0.8079745173742257,0.9257830616162434,0.5972166689123042
3483169,0.6846345035644553,0.5014037167144858,0.4887722405643415,0.6975035588309331
9575902,0.6112868576262034,0.5962912977082722,0.5240182132490704,0.8088817601940402
4455580,0.6035351580303354,0.6445161670773062,0.7487852461048166,0.6048061932295907
2118348,0.6821958906304941,0.5396079515764648,0.6457968797180963,0.4501628606103899
9338427,0.6659987921455695,0.7379535190177463,0.6294878210358872,0.3754941979753915
8613037,0.6022795743211956,0.777771774426347,0.5830316590618376,0.6029582834929971
9155372,0.6686664001989664,0.7434542531045454,0.4988635880050694,0.5429431294090042
6917549,0.7371133058610553,0.5641543225004032,0.6251658307802213,0.5657544140017532
3005173,0.6796568847430126,0.7037918737656501,0.5131270397361877,0.6761492819473564
4421252,0.6265465119977008,0.6708753384559686,0.6513205058922495,0.6801913538640302
6589730,0.43062546178562433,0.48258908702198244,0.5789887972207617,0.6958140047635213
7399409,0.5935931620194567,0.6953703810700168,0.4663366809585865,0.363860711400528
7620412,0.49806961981820824,0.5074147956248121,0.6537538205486251,0.667166291419345
1849129,0.6857046182724155,0.6894645310537468,0.44144370572895686,0.3976518703833454
8823259,0.33241938647883124,0.579897640281562,0.5807981161431325,0.5780851750999944
5742903,0.5256013285082147,0.6053308293039519,0.4551975915959135,0.5617810010319562
1254154,0.5336350065058959,0.6062555541755353,0.6565727198542902,0.5559579403695286
4407679,0.6228863936340236,0.5766359245353416,0.7029693246245287,0.5839425832128858
2667599,0.47470060290016713,0.8244550718671924,0.6576659115520125,0.47655274722086255
8117784,0.6759997772325405,0.3300558294101147,0.3277313825021114,0.42178377876873174
8599836,0.4030174354361654,0.5434800394009276,0.7316985512509011,0.5740222493629653
8587173,0.5325792662107878,0.7498413746990165,0.6328608258803258,0.5328978145233269
7402863,0.6327272811085167,0.6186847565722783,0.4943394510571216,0.57687167589719
8066525,0.6137423566254039,0.7890461258703501,0.6069710160249707,0.30510906143951777
9149068,0.5705725296276258,0.7078264046822585,0.61814712978706,0.7485685714344745
8085688,0.48772703890689284,0.7361699517382878,0.5131851116128539,0.5515894650194003
9654035,0.6261736412785092,0.5122126465566653,0.6082633162156676,0.5790354131076586
6572454,0.75633639436695,0.752366521715444,0.4149270133702741,0.5472838633244067
3517504,0.8284698803668658,0.5888798618018574,0.6142539807067026,0.473327169944054
8568685,0.6057912278816275,0.5709403381559895,0.5113310655015945,0.5485983087187185
7780481,0.6640923063885434,0.5819208023285809,0.5891455072634951,0.5431625952995806
1825659,0.3447745758938746,0.6485187401303598,0.5773207018947497,0.6342398970240302
4448323,0.5578093263037797,0.8485439305838542,0.45564596516572464,0.5402881664756014
6637199,0.5660209329183571,0.6463915551884069,0.5863805134879062,0.3402955932295102
8357534,0.7665375535698142,0.47201166848412224,0.3909189893117392,0.6805558982769507
1223511,0.35392701268251536,0.608266271589215,0.6403835117339536,0.5492235231289767
3929427,0.7072141441694414,0.5069718625556596,0.6282279470936193,0.6431979182844698
4676324,0.5895899244602179,0.7663530775571199,0.7201169714897966,0.5762514317397157
7574219,0.6453741618498546,0.7453567333734845,0.563352572233275,0.356703147275712
1659260,0.5106197135371138,0.6290084969596642,0.6203145941790541,0.6269341571910365
1116893,0.6230780227942343,0.5021423426966035,0.6690579012362189,0.5692177967321637
8395308,0.5367964998057704,0.725552352719478,0.569778504969271,0.6100379673001142
8260859,0.4560817652469743,0.7895390206398467,0.6394564234903568,0.6757915882576084
5275394,0.6366910518908654,0.5632038564544664,0.5757917990729945,0.5530180743923766
5029253,0.8336172702168824,0.4685578107883376,0.67570319614335,0.6735741811759246
5359542,0.7401694003133351,0.7607434738235108,0.5770141392378305,0.4431251715314878
6719271,0.7116765748649367,0.5533757012385511,0.5431994287361357,0.530295764030326
7062469,0.5145546470724554,0.5084108109834501,0.49357605345107675,0.6772561584867058
2956636,0.393421823257764,0.6253571599616181,0.4409720518804407,0.4848011612698672
5436189,0.6260270647880316,0.7572855769728548,0.5862694894179303,0.7902064552807254
3487902,0.6385541126783332,0.47412746645777304,0.5639009306308135,0.3722337407601808
4898708,0.39220863120613614,0.5999284867906876,0.43181011805575104,0.6721124298898522
7590401,0.48746906969190995,0.6776581062061319,0.5269591463095287,0.39669995638033106
9681807,0.4880818660355826,0.5955524908219965,0.4629906471970423,0.5673030948348984
6629527,0.7920744537995199,0.6437622878099928,0.740892081413318,0.5859105249151023
7897199,0.7109908348955416,0.7584058795431373,0.6026708698745351,0.6863974781497311
1895204,0.47847838403227166,0.6460069489707816,0.5268149090656569,0.49188733867935064
6156922,0.4314957019147042,0.5296798830417104,0.6449712546808626,0.4991685343261653
6277000,0.4727873489494929,0.684955175999044,0.4804465546676274,0.68939319807649
6446035,0.8362256712183307,0.43551192045614784,0.6049824631805835,0.5875799473825483
2839568,0.6508886860827644,0.6972116505407955,0.5811150780884575,0.5248139767026159
6617996,0.7064488280110297,0.7093930755051214,0.6629317015059064,0.4545517876081096
9269148,0.5355991315308408,0.7143278666041537,0.41433056113435185,0.621319761269798
1365266,0.7885178192554207,0.5611078414079602,0.5174915303699301,0.6578792024315092
9044126,0.42433437409082286,0.6816842820953798,0.43241722694067597,0.277869107204306
8275688,0.45333754573400364,0.5696786893875806,0.5702517007396858,0.5081859678300507
6065972,0.739821820211359,0.6031632000987546,0.4860525759134923,0.49591253401584234
4382750,0.6552556010899906,0.6616621312296114,0.555629879431996,0.5171543846597513
8003115,0.6503799781862979,0.6242276028461511,0.6890012121812775,0.5263533177313131
3018732,0.794778522806727,0.47996612151420026,0.6678155707239759,0.6751964779380771
1309780,0.48485867828650236,0.6648069375825866,0.7488967076374711,0.5373981847470648
7470801,0.44782065351147404,0.5734574242027695,0.6158029784073262,0.57996125502853
9520374,0.673943762144387,0.7105556613662898,0.7607469993284459,0.5439176387177103
9177876,0.7506930955392894,0.6531234932889363,0.47417604020947424,0.5901234776962228
4547075,0.5522023685494726,0.6914261042036142,0.6687362238637194,0.6019245001563318
3750527,0.6048615826307758,0.44186052880229587,0.5614669777641759,0.6177779919837793
7312623,0.863997433127266,0.6253245682000251,0.5252782358974752,0.44054541165385
6640845,0.7419618939252626,0.5749042737046762,0.4852179340203939,0.6752366627402393
1321642,0.6237434465609224,0.717759685165852,0.41167639629851127,0.6957642575676284
2254665,0.6011668117956808,0.6600925386319584,0.5036371750908593,0.46901680992436695
7385968,0.8144361532240691,0.5229828763795307,0.7733097397350984,0.5293215972726468
2122902,0.7275677459952669,0.7400784689180937,0.47859034942186524,0.43364653248804846
6051629,0.7420923068716786,0.592778367993479,0.48248144982452906,0.6417316740356693
8539061,0.6196672242238763,0.7900765582834411,0.6212644695380903,0.6435283863581372
6286520,0.5526294820409919,0.5918888085258504,0.5536364745042611,0.7364361139606282
3094820,0.4517189844078593,0.5628806192523905,0.5238712551019463,0.5013557699070433
4813047,0.5403120479391564,0.8176744558395912,0.40590352865998147,0.7213501041538164
5593004,0.74838013043012,0.6473260659619541,0.6166161398641659,0.5946167549128201
4285471,0.41267472887667034,0.6565307625718828,0.6185887236853366,0.4408727098536982
1896167,0.7518399499180861,0.6817218044289859,0.6460557669144942,0.7804237956980814
3077432,0.6728539030075322,0.5061224318571791,0.5739497533528157,0.559740703800448
3698530,0.5475528961074829,0.685192779617372,0.40287217402595227,0.6088063100057111
3488374,0.6961683603968218,0.4954664138984968,0.4400738698850464,0.6913410331312754
3585808,0.5904807991410334,0.5998038112083948,0.6356690038374381,0.6326208267749215
6292663,0.7086794053709712,0.7783920540260848,0.818370800370749,0.4665816737827791
9363288,0.7527122071637555,0.4988982743243139,0.7153191458590348,0.5610207962485683
8947361,0.48235086615763056,0.8274392991360027,0.5359015285164265,0.3996081643782496
2823708,0.5031674763706582,0.6244309095919789,0.5540825630668181,0.4030988797185151
8935200,0.6041393733051754,0.4415641964139685,0.6153844411399496,0.5728654467165751
4173913,0.7160890025553124,0.5143407396440213,0.4581758765077565,0.4109308297024857
8984950,0.7798880927244941,0.4865793617116348,0.5360033651187138,0.6057977339257801
3969448,0.615897241421355,0.7446522756093904,0.467228271224693,0.5739007578263762
6757499,0.7267562268157953,0.474743754685681,0.7477892731422607,0.6612306282827782
2176222,0.7601602024789912,0.620775823427261,0.5506686111835201,0.6641425496979754
8719231,0.47771139305326915,0.6001181749098181,0.713395661431404,0.5153918065754944
8464824,0.5015502902692364,0.47821546924061265,0.7547444066689887,0.47331623665019174
8111833,0.4139855490336758,0.7057756429906583,0.44464721568328097,0.49710458521127504
2815096,0.5335880921707942,0.733944674847103,0.6215989668501696,0.37529716864463225
6760118,0.7008118824851473,0.5981790004099745,0.7770059186211922,0.8330454012139518
4289834,0.4591711262703525,0.7597244261005506,0.6341793547304269,0.5354203721434115
7759388,0.45939273884077814,0.6471853850679515,0.6649663575261786,0.3769323869361885
2015958,0.8734054649878268,0.5142357493233932,0.5531798678004128,0.46985207814757146
6906956,0.6781511975085137,0.5929382796720505,0.5685946776714075,0.6355464752088613
9236926,0.6327819705575644,0.4845236059376262,0.3272291053141462,0.6133626762693023
3599767,0.5523670945413667,0.6220945802944758,0.42704628826860275,0.592678508200115
4782642,0.3857922197472473,0.843541720753205,0.717666433588606,0.48695114546165863
2236715,0.5116194809817168,0.8046972904479004,0.551553852941908,0.6106974501196992
8815390,0.7086783865276796,0.6764916658851698,0.4660717541767389,0.29896952221232215
7443026,0.6108702092161914,0.5961793958936477,0.4983075391214702,0.4891869511451209
4420084,0.6368032239626883,0.3803156026255905,0.7060933109243437,0.5317139181364487
1596834,0.7380332819417826,0.7778264028290518,0.4946742156850302,0.7186242125327391
5373504,0.6163817322879241,0.811135584764439,0.7342325377125476,0.4522345921737761
4129654,0.39878524220952566,0.7123283139879738,0.6591929810826612,0.3956083454780037
1488443,0.7543605985916465,0.5649284114525167,0.47053986671331405,0.5123020365062675
4664591,0.7472220132670627,0.7333776836212005,0.6580457503161953,0.3260797488164142
4843642,0.48527238919657484,0.5649568509480374,0.5490183889574018,0.7012216823689794
3288027,0.4018901835780444,0.5468971533411982,0.6056846293237974,0.7740676102533025
1438574,0.6713058222826743,0.6055114209686687,0.4383875177717761,0.3051676042274738
6197227,0.4816200273725685,0.6762349422933879,0.6661220491502428,0.4167920799247459
5961801,0.5598075972780441,0.7298810490333936,0.2914743008346536,0.6726327529108733
3987690,0.6883170385036971,0.49723973841251173,0.7123117107633675,0.5386854791565775
4165934,0.6902058693796436,0.5929898283023667,0.6060292478456286,0.6708099485757636
7035763,0.5343719718249641,0.5547305391578571,0.5097319643191514,0.5463724532594848
5685264,0.6250918077962866,0.6519225408444936,0.46684158887826616,0.6050779641236685
5905125,0.5746846517438445,0.7003210481887411,0.6291481785534973,0.6871088351175343
5716915,0.6133830840201127,0.5931248143997931,0.5635119954675553,0.3062177566308541
1409957,0.727797178095181,0.40538782063254747,0.5780354760690132,0.4484414384713966
2584927,0.7486918933895595,0.5130535178443029,0.5689959123678153,0.5953299590859984
4843571,0.6879890882298674,0.6337310736702042,0.6943604706067843,0.5329220051678903
1399960,0.5518804329686083,0.5966398388207648,0.6647990544055216,0.6000069262960932
6539513,0.6296068431254188,0.6080246822353506,0.4725430372626251,0.553855415379587
1119756,0.9798563653474903,0.8474890150205483,0.5173835514419165,0.6098743599823373
2714416,0.5809058082276253,0.7025210355302859,0.4493358228387755,0.5999796511343629
8684190,0.6106378843353862,0.3233470995423663,0.750684625524392,0.3393295534936149
9555786,0.6110391680337315,0.8460718994207159,0.6639602738294956,0.5323010071294423
5784427,0.4701130779220507,0.8186824708832736,0.6045936244970719,0.5598185321751008
2562730,0.5011151267729322,0.6340886562374294,0.7481842761509003,0.6931149631936216
2158024,0.45508710692195775,0.6962651412255662,0.7909610470627824,0.4061491213177723
8548044,0.7328209276727666,0.5675944113003907,0.556522145344849,0.4178851595743205
9534250,0.7135937789617292,0.7083143197314253,0.5169897218536613,0.7158715992886211
1987701,0.48746058289484623,0.6135163716565715,0.4376759993054886,0.3964439077004931
8081999,0.6717345773729851,0.6866962525771276,0.5024368712008612,0.4766812697778752
1795146,0.7216709913158919,0.6702180746336347,0.6385611430570722,0.5290967060318954
9448641,0.5755295737816901,0.60871297943593,0.5569941355849161,0.5433296085948789
9348279,0.5477914540406095,0.8245445486551877,0.6810070486499091,0.699898206294299
1005830,0.6856693021308178,0.7150852351780059,0.7016343624568697,0.7090673931134659
8368178,0.5957897827374514,0.5738672640859201,0.3119617485748351,0.3314471006391515
5361572,0.6702142706283131,0.6295833850965264,0.6065340019843695,0.4405850315769668
8249745,0.25969910830349763,0.44037275142152416,0.739909781806166,0.7570318688565876
2104457,0.4961480061169014,0.6208896637291215,0.48925630038791434,0.7333980097892008
2651849,0.3993380233766056,0.5768855883571267,0.4557591210159265,0.41588159027182636
6452197,0.7161526074546154,0.6439881139824282,0.37420825589738127,0.46565989758471993
5845639,0.755239693739632,0.5638032195504256,0.6056966310035881,0.6486076992496322
2275367,0.6088722935801156,0.6777391854046684,0.5798337727892448,0.7388957476999118
4026340,0.6210115017826191,0.5763431723076198,0.506910463024653,0.7086624879073806
4938566,0.6534357331348094,0.5163256124547506,0.38611943255031633,0.5459224702045566
4452675,0.5490469395745974,0.642991410554405,0.7762014567610431,0.6097454503307719
6691901,0.495608427557171,0.9233792769026014,0.6693654001377647,0.4669936215136396
4182406,0.6877765911153839,0.5761776766660828,0.5988675673133889,0.5786489863714748
7413336,0.696609281780448,0.3270602672554995,0.3905609954318257,0.5469017823362754
9705281,0.534449009655546,0.7647586998729684,0.6954987741426711,0.8969215112593939
6897140,0.5049347764011335,0.7998456796118146,0.38931238112456845,0.47489975406074475
8065155,0.6235603405352397,0.7912828312516856,0.5585337742908355,0.6567486291513371
3344296,0.7306441404274738,0.6934363460346555,0.5693619610354034,0.7082334703776924
9372012,0.6411985718667066,0.5981690944120241,0.7908860354251053,0.5381902046368647
1322407,0.6487964708273362,0.6984358410592864,0.7571880033807659,0.3680585652438343
5412429,0.5206002006387306,0.8085438569178347,0.4833803090888368,0.567015053419618
3877505,0.8479614490424731,0.5983068013240833,0.5580304662300581,0.6774365852411705
5321918,0.6569833305359312,0.7055398805563393,0.6936778984513832,0.45110200558802893
3250458,0.7520207068175012,0.7887585363708892,0.773970034994242,0.5160907860265631
7881203,0.3905318425117148,0.32258131057883965,0.4843531552087411,0.6123885370730862
5165707,0.8015625017877575,0.5464316094410281,0.6419222118854383,0.3873547988304636
1575697,0.6755782064717148,0.7708497613721618,0.5243018179070067,0.3521272927440715
5680837,0.64226203410138,0.6718068362588197,0.536512534787378,0.531404273269236
4834373,0.5289517937194348,0.3879229952198303,0.4815572100879804,0.46441969372642355
9480101,0.7299073133342202,0.6480644006276207,0.7646397037072419,0.7780370682662778
7841591,0.361107411362027,0.6738750658986541,0.7324516466544588,0.609990765569795
8547547,0.6074901375260029,0.6711947575660514,0.8075397992761094,0.3001551006798929
6944987,0.6336017465824514,0.49784513349208215,0.36822848569386313,0.43347526612269976
5780561,0.5927201567201873,0.5110401101074074,0.5906281252975298,0.4924716189400659
7617620,0.6049129415028492,0.46247693768800324,0.7100623798855745,0.6924099243999962
5396235,0.6097657049536819,0.4849178231683529,0.9298916521136704,0.4104885502554091
4283176,0.44865156190649724,0.6765336854230755,0.6333941254745569,0.459746581713684
2663009,0.5825888221253244,0.47944934713755544,0.281619116286323,0.5429660607494924
1154640,0.5682043123824584,0.5613065634043288,0.680625716105251,0.5417178960007439
1485728,0.8027792559810396,0.5934665607322724,0.6804695044019723,0.5577081489123555
1693608,0.5506270776964997,0.6986714177604645,0.6763355973170847,0.643055641294337
4705726,0.7253374280570761,0.47089752074509095,0.5249514913169151,0.7507090177862291
3521830,0.804322620948283,0.5896137654073226,0.5808814887400828,0.562253913569038
7884584,0.702139282063678,0.6494383126485977,0.6243812097574307,0.42342648827581564
8999969,0.5298686770398863,0.3606550145467191,0.5187778728208023,0.6138492586059403
8458830,0.6718550403263885,0.6961374226620572,0.5597912178867858,0.48871939736903075
7959282,0.41749771196226015,0.5608497247974416,0.5925240874501531,0.6673133960600888
7423834,0.5831719337512182,0.41469018721777695,0.7076320571604098,0.5636718257227357
3694693,0.5365960078613045,0.7637023133777002,0.5318438041650025,0.5282309592386284
9999637,0.5754742271879875,0.4181951045876494,0.4891943927933964,0.6503664609631402
3994352,0.5227419228828227,0.5590872704450037,0.63857200494333,0.6215433202712204
8999173,0.7035776852980452,0.6402062133373463,0.45287625450185653,0.33755309956449797
8553058,0.6729397991695041,0.6797560451514605,0.6506820354396435,0.5927495589059391
7806993,0.4475064458081015,0.6392935274627617,0.5350004248242133,0.5658112835734863
4056118,0.36558863561309807,0.6895218338213442,0.6150189350375953,0.5319850707758853
5278988,0.7784552162632546,0.6167087654256782,0.5166114622694986,0.5867711459197198
1527799,0.6934069317949321,0.5793147858966949,0.533557414735038,0.5884704754051697
8819556,0.5243634959621725,0.5695494353710179,0.45943019409954944,0.5950547243696621
3103487,0.33725347262288213,0.6832903511656067,0.6199309747667862,0.5464457447046263
9854162,0.6445494962246274,0.6048393350986296,0.5175789204790886,0.6748089605460482
6962999,0.7116341971630418,0.5572588420133018,0.796151578493358,0.6233135609507436
9654353,0.531068141192836,0.6543392750422489,0.7393927850391787,0.6540134749250849
8516624,0.6134221122463822,0.5859217486103618,0.45299414619278394,0.5849184660525956
9877816,0.48023357860992544,0.7529698005329302,0.402749469303068,0.36054726662831793
4157076,0.6782682441711333,0.6783472334529149,0.7030324733468143,0.5560473395964138
1256864,0.5690724374350602,0.42025501301034446,0.6245990871494764,0.5628305393523201
9386943,0.7440125147885279,0.655840101384303,0.41885527603436656,0.7587269410880396
8037685,0.5773579921766745,0.792987919450578,0.5796107162970021,0.5970013616868615
5448492,0.7209837426985721,0.7332895562103048,0.47395149293228,0.6271015594825178
1865282,0.583367081335302,0.7046156045550599,0.4292522328383904,0.44012908119902916
9835069,0.44561129997543325,0.6330764868537151,0.6717768597097885,0.7050687653177912
7333836,0.5270058040162895,0.670057280646491,0.5374692787433659,0.5807464027060419
5503246,0.7046425548567734,0.6010410697973247,0.6354718811372788,0.6473360570854154
6577709,0.6438144048360934,0.5204364102430588,0.5907883968472374,0.4406290376156803
2749691,0.5866440937864151,0.6575433022541424,0.5259702261618151,0.5617401721404102
1970815,0.5390436138206998,0.5742460129898088,0.7939283022643917,0.5720150006546767
8254309,0.7710728497960664,0.4467476276941911,0.6526656928460108,0.6808821314166681
5584304,0.5022916399997033,0.6524535620720491,0.7112223019386517,0.5678947983301753
8932999,0.5436235967607905,0.5773464633428282,0.686716123006739,0.8216183515447888
5064951,0.5315530458456581,0.6709429060636821,0.6750316914721103,0.6435590453378501
5085806,0.6726130443046779,0.4607878493978169,0.609063637022298,0.6446783403476877
5377500,0.6205439837847911,0.6236872288401816,0.48500967632028674,0.42587099225688974
7775955,0.5523855077535469,0.5692137631206211,0.47438534852780545,0.4104989593990984
6051647,0.6209275132121265,0.40882880032226765,0.5062027730242303,0.2886281693192687
4241319,0.6121707132522809,0.7465840685619133,0.6570620360468872,0.5416132499297306
5124732,0.6489506527414183,0.5942631847575345,0.7766365217555007,0.3893460750209165
5252095,0.5238785793955202,0.5331441000944189,0.6949651226624632,0.6279181085686648
7069926,0.7429269269452423,0.5085126136232402,0.6379929357072407,0.44757860644304187
6056564,0.7129047234086489,0.4007326108050029,0.5730419325823297,0.5733253717440588
8459802,0.5340912363602137,0.7221673926113003,0.5002003046355453,0.6949415317885802
5885284,0.5843923680718424,0.46643864286280745,0.5454668786772996,0.5242974529463897
9635880,0.857747556699794,0.6418424620454624,0.5739341220289592,0.42248234907427035
8645126,0.5626206100418008,0.6149184658894951,0.4590760499927575,0.5498095884591849
6328162,0.7023091110220688,0.635083556048366,0.42502503795273694,0.3435639069041704
7892411,0.5941160029774215,0.5408310907995251,0.6093002244632972,0.6149196728746112
2031800,0.5408672085003381,0.5144765792948428,0.392724533362488,0.6193967562878543
6413448,0.4817515459734236,0.767594174713023,0.8647115394945034,0.5984004864685103
4097125,0.4201103924766544,0.5900406994135111,0.619760368805521,0.5877888721920774
4292367,0.5083906854953832,0.6170068503169296,0.4481886597866375,0.5347862410346154
9637273,0.5843614386130374,0.5869931099536746,0.5992620971705104,0.6054878241662156
3348766,0.46597435507079127,0.5010833576593877,0.516728125447695,0.4727135013792615
9654276,0.45529632351445937,0.600991794545137,0.4213493604722267,0.746430447659516
7181221,0.6915929038406404,0.31837210870977245,0.6937694064873198,0.7525467145158955
4314991,0.30829478008404143,0.5529773981717844,0.5969897437000047,0.6290693067021822
6898776,0.6136758185850576,0.6356445993196865,0.6920352045137536,0.4319372914047709
1288416,0.4260441673879015,0.6657412279781537,0.5442747327777891,0.6761564264352469
8551277,0.6521031032252621,0.570869162587974,0.770820162775149,0.5546020867143687
9842958,0.6043208348734646,0.543786694404403,0.727096346427252,0.49878782301399627
2551160,0.727388037969234,0.6431649791181584,0.4016282989929418,0.5405011745107005
5201346,0.6118440301292538,0.7221610254528319,0.5849430593994527,0.496025157627405
6389066,0.6783740945167832,0.7937992882289295,0.6753804294757051,0.5621831870679419
4595204,0.6139867784475878,0.6141628399351461,0.853290566243276,0.7383995323149354
7614728,0.4662837468212647,0.5289282784480992,0.6023045065577493,0.4191787225947066
2201303,0.8173521784626687,0.8660729087178755,0.655290962088606,0.6220157833284538
7274692,0.530342450586546,0.768886647118161,0.5261679098003565,0.8878578794003342
5751990,0.5435568016213398,0.6078243976305493,0.5731124712727409,0.4206635429399733
4874106,0.6576474524308089,0.5629862179673029,0.3377615532715594,0.3760572869995077
9732111,0.5439524766422429,0.7983148957793442,0.47103234575530595,0.24672871285980835
7453088,1.0,0.528562115572287,0.5575620913649837,0.6836926446654797
9194440,0.4631112153079243,0.45015307469295374,0.5217245961572253,0.3612132433790814
8803742,0.587209334544164,0.713654698524279,0.5921939754643485,0.6569751181486468
9522798,0.5331279643182851,0.5050183101299688,0.767226153693844,0.5810333466276881
7144179,0.5719408742524567,0.6237466483117777,0.8505210671909667,0.6863016202616194
1426754,0.7723814907040358,0.38430090176653,0.5502272047244745,0.43101868698551815
6558199,0.3962965976856918,0.5222437128067426,0.6814038013760735,0.3630527543128261
6323179,0.7162048734729691,0.6942360723295125,0.645679927433253,0.6544147602841247
4673344,0.6183187226735701,0.5185763220645532,0.6580072520251199,0.42260376703754204
9972250,0.5266013252533291,0.6449899886039795,0.6388812835303695,0.5507714841910994
1286849,0.560306790917772,0.39189589932681596,0.5517744292370637,0.35570645695015074
8021406,0.4613155860828147,0.6132736151870242,0.5759847392851133,0.6617613551736301
5924022,0.4512695067002076,0.7934588897511323,0.6010584232758018,0.4728658111294628
7955755,0.4716644707586274,0.3261290191054313,0.6445165924161733,0.44807232441800215
9864543,0.5701002340613264,0.5674106714609701,0.6519672557189252,0.6801602474011843
9604736,0.7585211782366671,0.7915524344281611,0.7217072013922645,0.38888270143452897
1915040,0.44779001457938716,0.47003716865935463,0.3854401254967072,0.5441551970680932
9179029,0.6132118627604183,0.5440825161259049,0.5063777779245605,0.6335216160866701
5136403,0.5258539272729232,0.7824780928631057,0.4445993486798007,0.5025167376459926
5813533,0.5377565999965229,0.5776076205476007,0.5140244978629666,0.5727351737719534
8528570,0.3623536687432633,0.5595508965341041,0.2821458871223749,0.6442924268184361
7383258,0.6576390226914548,0.685221919305079,0.36802745907896095,0.5840201327340299
2189633,0.6485532262493228,0.5062637208293448,0.47196893223963315,0.5212302067124107
8005139,0.45872471304684737,0.5764826693504103,0.5485849542131018,0.38414613778092044
2858261,0.6639669577878419,0.6526288151124617,0.5520306846301671,0.5798728464601608
7886227,0.6500545872476117,0.6282773272851961,0.49728426440514883,0.5408765804018245
1484706,0.6207749988869979,0.6179534287631089,0.5443146117537986,0.4435642990341697
5349231,0.6174058212907485,0.6739460648906265,0.7641689236645596,0.6290498761499542
4500641,0.6056141189085377,0.5531793752154008,0.5027581093243711,0.6626809866811614
4967387,0.5615600008770232,0.5190012236742535,0.437849252924284,0.6637300236879223
3277091,0.588670399496512,0.4682300102000798,0.34905744767296154,0.6479092206509557
9535862,0.6082905263583223,0.7492520685852566,0.5747764558015156,0.7219492033050852
2310204,0.675152454554617,0.694540633489322,0.7399235470514032,0.5187448734583203
4663571,0.5178535418376926,0.6807178792165999,0.6844897615320751,0.4774262093214361
7608817,0.6334443989175299,0.558685344601097,0.4617535973765158,0.5674873025653459
9189196,0.6738261694087948,0.5835682258901749,0.5894629209053375,0.41910299439390053
6911142,0.6081644219066262,0.6473975957685604,0.6859802053987524,0.597863671079295
9795167,0.5103815877373741,0.5622294515154818,0.647829774255218,0.579031258064559
8165648,0.5193959840880824,0.7870831062390009,0.5755562561082702,0.5476967625867499
8745620,0.5234486559470644,0.4714698293252136,0.6844385583547462,0.5421598819616897
6980029,0.5393458955146019,0.5616399459041056,0.8375852096033274,0.4713663112862187
6596629,0.480352518612584,0.5328760122710071,0.6163221684503839,0.6288380118003561
2131149,0.5520212525005692,0.6480364808363761,0.43024773960100604,0.5615472173270684
2324744,0.6830257343078961,0.39955428016780314,0.6742754532963349,0.5705566576108912
2786757,0.2810562661914885,0.48104424907257914,0.5037576241936585,0.8005439585665489
6469133,0.7509712179411573,0.5010237620380817,0.47981254039261967,0.561041714079394
9070502,0.6964787584740251,0.6295018251261134,0.6341524118902265,0.512975788277743
3302687,0.4898430484098456,0.46747269006639114,0.49155512969182213,0.35963436127551285
9981259,0.6577524105418456,0.46534730482878917,0.35960067921502625,0.7510471229486216
3896965,0.5895978726297976,0.5730205118685568,0.5957877500180006,0.7716624704916369
9702942,0.6249990465382547,0.6118907481041901,0.5722782541054958,0.5002680704541209
2622654,0.35650130431216565,0.7033785867583573,0.502585058637936,0.61147920722563
9308784,0.6438671761393989,0.5239436330256351,0.4556752727124032,0.3971863288488628
3691117,0.7004951882933198,0.7059957758454667,0.3750095171644528,0.6958734610250288
3291032,0.7771781109895587,0.5608952561406723,0.6865414836001802,0.5064471918665059
5822945,0.6246139617451857,0.6311285533546289,0.5136118880481529,0.7837349647258451
2563586,0.6492610080337271,0.5454744171508767,0.6374424542716405,0.5788845894627109
7763383,0.7360132988342541,0.8134584119357446,0.6952132673916483,0.7365855770066939
4737897,0.6385512557414953,0.6260765339567995,0.5191515211028362,0.6831077406524535
8123445,0.7019928100359552,0.349476906391426,0.5877582186005904,0.353302500792953
6726860,0.446169441202643,0.5832158301503035,0.738972915717847,0.3683780925808866
3792037,0.5439570472875939,0.531071315232835,0.5149932867570837,0.4837470104037584
2867606,0.5913021096362162,0.5401775659304763,0.5223649604468898,0.6220874401839316
4074627,0.5751949744620274,0.6369039288399319,0.40291425170511164,0.5477575489380886
3163469,0.566868383405111,0.48784186324003853,0.5258493142592354,0.3656718703605583
6748237,0.6477614121281167,0.7945962777676892,0.42293198342174576,0.6146516585011014
6153693,0.6867077048756576,0.45416886813095103,0.6788167625195007,0.5885142682483051
1116427,0.4420703238403719,0.48590390735281647,0.6819481210808337,0.4795627868547926
9603819,0.4519126722063257,0.5356746523552541,0.6160697089213951,0.5707978888210125
1083287,0.629287970552722,0.5970701579082676,0.6390915317751656,0.6556487195325238
4088704,0.5560470435354711,0.5319137927039779,0.6719395673872272,0.6444061776746397
6526380,0.6724171298386536,0.3610820549991082,0.5759569616885631,0.3288986274149507
3209993,0.7118161719761673,0.4530894927144131,0.40288371888953933,0.6651608908854274
6611792,0.7930412996638341,0.679393831632179,0.5042452564737024,0.5575989562949699
3567625,0.7889360401469774,0.5704979270487947,0.5896213538530496,0.6062966021907836
2839506,0.5619536195643036,0.5649361625533265,0.5534011134124981,0.48370539615727387
2378207,0.4500404604728394,0.7852476882426914,0.722022631137683,0.5662196308866192
9575946,0.5765806136302891,0.6251432867887385,0.6093644905481025,0.5856223487770489
7780645,0.4993709809623666,0.6529670587452768,0.5457802662594933,0.4309069649382994
4812013,0.6708643258092664,0.5963636404808019,0.5480786252337123,0.5016546342854983
7146253,0.4128433324790235,0.8843526691403407,0.5206012734402501,0.5695843410408011
9179197,0.4776112559505921,0.5848631660820882,0.6980538521412809,0.5905438670063909
6151849,0.6750621748147481,0.7402333039887176,0.6580560388638307,0.6115616724314289
9434023,0.4465774846806039,0.7821764437465832,0.6271646107176331,0.548422021209689
9652892,0.582605801680612,0.6880357265815282,0.3752347180980851,0.6244751678480972
4025602,0.5281334499120423,0.5937008991543944,0.6021349669970204,0.8025833027770162
2255969,0.45398862481031277,0.5664863986927857,0.4618250906915905,0.3276381644512165
4733518,0.5178490381776587,0.9372018907583912,0.7044797781236765,0.4920388046073106
7758768,0.6376010514382653,0.6160789336824724,0.7262831769124659,0.5635968349479159
7227560,0.6812074053154211,0.5207467346654201,0.37981912848076194,0.820974574169135
4641893,0.658131565532909,0.5167930913638358,0.5895502107411063,0.6734500394006013
3593083,0.4683158538263278,0.6734327051096193,0.7123399236477274,0.38050376258203966
6064736,0.6982338571815387,0.628107993835391,0.4875544047198699,0.5375658779240257
2547932,0.46903816931444736,0.6600653964252929,0.5446861843104813,0.4210437895812392
7606769,0.919209814922728,0.8217851289520659,0.7604523902804722,0.4737150760228753
8126218,0.502227623911479,0.5201906501126424,0.6456885837455226,0.4842600071610211
9652327,0.5188307235427068,0.38304913511818084,0.41971773695481435,0.4971036449083983
4799493,0.8064982177199302,0.46948432174531546,0.7021992486241162,0.5482368933802456
9053657,0.6333235593626707,0.5989934617922993,0.640062623090143,0.49101769741030543
5319642,0.7347740238063992,0.42213609511901673,0.36441421370349075,0.5062911749993879
2307055,0.6496732882526328,0.5211658782781251,0.5107854675009946,0.7774348886929046
9328842,0.5107601260988232,0.7583404256426427,0.5730270966042699,0.6535848962686276
8430737,0.644338083632491,0.8186965726361264,0.35216571478309483,0.6996788216939036
4450095,0.3018491945027898,0.5129815262184183,0.7013624356645566,0.5009505831056694
5863464,0.6579129464906297,0.6520811411934496,0.6623019177669224,0.5618553207494891
6403327,0.4789204783900502,0.6291652878815351,0.6053354221979818,0.5797871568749687
1051093,0.49792537590483804,0.5561408191234193,0.5090830820132538,0.5355196014923689
7784824,0.5280978354478043,0.7159474806328988,0.7303037738806493,0.607592271333162
6847702,0.7451115761368465,0.698305178434844,0.4893073780174299,0.43132169489101974
6058496,0.4967266682264932,0.6719963720133908,0.6136099879631464,0.7056851651663746
3802057,0.647398843559494,0.5765993162797941,0.4161185731624981,0.5498488026142151
6987288,0.4479030557459339,0.7540391619784187,0.44961047318841185,0.4899785153948664
3886545,0.6261188227396809,0.6174195005606972,0.6228116784672868,0.26037155430134684
9022456,0.5418402082815986,0.6873899440481447,0.65326753933473,0.7028702383389156
1308007,0.5284444116839093,0.584665063153911,0.6485410322609871,0.467814350371743
3429786,0.4085733320519256,0.48860083751404837,0.5948728822940261,0.5957275100800514
8335388,0.48761326356037243,0.6040194005513967,0.41859020683502157,0.4466543046359307
5646012,0.7647373851560877,0.39348670819215736,0.34493197697327993,0.6517423437750594
6337938,0.5189101133384941,0.5442323952503352,0.4394115803919386,0.5203287887617795
6451313,0.5946134844387873,0.6105127769764767,0.6357374779225893,0.5749077641620643
8076465,0.391067779696078,0.6295836630771039,0.6150948441080577,0.36302356691919735
6951634,0.45733973722339283,0.5886931817579562,0.496387288967619,0.51369338519228
5732714,0.49625036884572993,0.5634492915008124,0.5866875094588104,0.5852697005896281
3991743,0.6406467392393859,0.6654121124717366,0.6700471017254365,0.5639120497980741
2969844,0.7104024927536003,0.6005751621168631,0.7300476612912944,0.3656336165360323
2733139,0.6133130771205475,0.6735493452442035,0.5528424619742823,0.6049713029071099
8950794,0.8514668020394507,0.8223656674264268,0.4962984475733352,0.5104709939943762
4263036,0.6106284061217206,0.5580612387273974,0.6389093685029313,0.693544628185384
3123219,0.48390560773304087,0.5302170137983641,0.5451681270117078,0.37959271560915264
2338667,0.4762893087262629,0.7619863335821448,0.7775709237197517,0.6717900191163179
9914111,0.6548324238604993,0.7339611436666744,0.5880770568998485,0.48586044352404384
2735126,0.5193709520703049,0.5294514859178351,0.5673065591582849,0.42898011964351707
9100313,0.5187168018582247,0.4553916519386921,0.4591485255719623,0.7244143266446436
6499264,0.6642607739008454,0.6614303270628625,0.5335175982819965,0.5939396607270708
8213057,0.49681113756983186,0.5059023245398743,0.6648965351554289,0.3587970689121204
8694657,0.5165489635209722,0.4855874256561781,0.6657941501534194,0.5409236146065132
3668963,0.5370124144389954,0.5019361446620497,0.44277364279617637,0.49600428040156663
6246774,0.6009999305396055,0.6540203048347214,0.6103159551995101,0.6561264928307832
9394597,0.40252303002532414,0.7539174169968135,0.6082260238255197,0.4908850521518363
9013234,0.5728500948394191,0.49576092079617934,0.6290171540528335,0.6682019044949058
3510911,0.7831211163688605,0.5671055012934145,0.6723287398052277,0.6363473482325854
1746660,0.8416501548745884,0.5869870977154809,0.48434408066580936,0.6026679106423417
6206852,0.6266108059076827,0.48984207049450407,0.6019304569823167,0.45359110340050246
5306740,0.5182077505710528,0.5671494138882279,0.6145733217100586,0.4379428386562988
5388704,0.6774968702173279,0.5755203049924266,0.6531085014300273,0.5650687487120775
9811101,0.44953733272305585,0.6225698876277945,0.5134141946428439,0.7156832608519089
7375871,0.4869994977481834,0.5843734028448809,0.49596327972557996,0.5964044107106474
7418272,0.5426635338986698,0.7771050193524138,0.6756067171944571,0.6401673456699315
5543412,0.6762018760612365,0.7578502781043382,0.6877078727951089,0.642303532442295
4253988,0.32570477897485295,0.6475329758763033,0.5650749907350593,0.23900581644208763
6639465,0.7448282998240348,0.6765313332859348,0.2214250008941162,0.6406247518642804
7931245,0.5426288532585456,0.5632686202321376,0.5107552156013057,0.7008466380858569
3181393,0.5808341484075398,0.8464701999507522,0.7291340596331044,0.4265317092676932
2369863,0.8109418087935943,0.5733299650292437,0.7075406180841508,0.7720049843900526
5925249,0.4184320304662699,0.6761503518384422,0.5997866229197774,0.6260114920960367
2305940,0.5965688917293286,0.673421727354496,0.5570596512604805,0.5188045595622907
9617262,0.4995590033152516,0.5840431025452069,0.6403428282318313,0.7011155391083587
8379006,0.5191771827043765,0.6583894316836472,0.6763184505661634,0.5907810112848498
2231629,0.6179204579990024,0.5378727724556264,0.41455829529947497,0.5220866350267088
9058421,0.516633599114421,0.5169917444377635,0.6030354974816169,0.3603711714820276
5805832,0.42728846876190635,0.5946832846709069,0.5679369752094837,0.6047517032377105
9601982,0.6981679013657196,0.5620162898331987,0.61262718172472,0.506443500402466
1371680,0.6595657387539953,0.7815880263457784,0.6538003425692455,0.6572553855228006
6058836,0.5507575383036096,0.5831356473922022,0.6650282286760949,0.6312210759864146
8047865,0.3350557282155936,0.642908277188957,0.5930880660016,0.7019265531189132
3958818,0.6391031657191607,0.7262938669814426,0.5999701478192775,0.5034506683942994
8858800,0.44521594519785196,0.6497724651227398,0.7399603047982102,0.4504505055362684
4578873,0.5052542841285106,0.6133480532592334,0.43375943995883437,0.47668304303108544
3846822,0.6562786013190001,0.6638005833626404,0.5116286035359233,0.6241899202082405
9449395,0.4895360763963556,0.7669763397446684,0.5295932488223185,0.46140304609224914
8632950,0.4518092823717943,0.712652500576123,0.6703192396574378,0.6000064979789578
8637543,0.5420467726246635,0.615331536310127,0.5382881172407854,0.6829705406305556
2775891,0.6488740580745617,0.5715662171838299,0.6150439605793537,0.6447464525896174
7104217,0.6424818042147383,0.5941228327310023,0.6939546639143651,0.5564781885579176
9972899,0.6287552494774871,0.4747114433518034,0.696175538516542,0.5857009837655797
9946202,0.770925928178257,0.5881037854192155,0.490608579584295,0.4568531946369797
8401526,0.5144102193820312,0.6220671878971475,0.6745348885027438,0.6464359846437213
1229603,0.4206090236910769,0.74878077870132,0.5673831491650032,0.44458603471484104
6582915,0.6798122990493576,0.5200176015943953,0.6080912499699215,0.7785679561785044
2434374,0.6369217157539578,0.48455063221563155,0.3999471065520027,0.47818355012282604
7643152,0.456402165130431,0.6359382852197881,0.4581384939199623,0.6935874085882363
4285982,0.40101750064000036,0.6401692519222351,0.49253198494212547,0.5491827721877014
2983466,0.6881166400619796,0.5393798986837522,0.7372454789811942,0.4925599068581443
8055722,0.6383040217601814,0.6176757903242706,0.5460133895914031,0.45768998541299943
1530764,0.5160700492987615,0.4402416610050001,0.5238830876169243,0.6535317838485188
1401239,0.7622128253068347,0.5116737616797286,0.4940767387174765,0.6719076277150358
7804039,0.6390691129887678,0.7146279466495281,0.5177442958918668,0.4758219629304835
8921204,0.6018213013554363,0.7637501807074903,0.6756230510169304,0.4900504378100787
8256689,0.5792632332456479,0.6397343349592782,0.6383726170950057,0.7001866745940755
1799741,0.6316013451336484,0.734965591457275,0.4862186084471807,0.5329771542408901
8652019,0.6589550045290163,0.7275273879183887,0.48833394339696157,0.524148691811008
9525852,0.4158926652315449,0.6054003367465792,0.5764007040992837,0.646817102432527
8189189,0.5493876998751068,0.6383933348995151,0.5157484092586448,0.7437428404789121
4373787,0.2843394625816442,0.7467647945783767,0.7849683719629176,0.5718086494989431
9239083,0.4144200388957284,0.6208972728681118,0.5084203385563049,0.3419794866448224
3335622,0.5541469752196481,0.7725268639836526,0.8403610311098091,0.6650731064541595
9787860,0.5460831978993909,0.6996299371258241,0.682780447303565,0.5665722419126511
8194047,0.7188414159946653,0.6187851178505884,0.6020102829472571,0.628068508647459
8581843,0.7705323871655007,0.63520015379226,0.42121365128683863,0.5352794549030759
2949960,0.45782787761966404,0.6532862235338699,0.34017400303600476,0.6216149269087478
1980749,0.6037387833536706,0.5945378039155407,0.5241026412973833,0.580970527954237
3242208,0.37196901914848435,0.7033493718880491,0.6282293404159902,0.4763327282905385
3050478,0.8242249321403523,0.6437477469380217,0.6745091223008726,0.5536112916881032
6752052,0.6676139122526379,0.6024059736142857,0.7970866697912946,0.6242595967307247
1156758,0.7091881082319951,0.4165055986850904,0.45450323558817857,0.35952418090924654
3832993,0.6542174846877935,0.6111057121754914,0.7726669659913646,0.7284474882310581
1626395,0.7357835156168473,0.582879453517175,0.6137529040097748,0.5846266453026528
2239788,0.3838676096239598,0.6399839531268977,0.5627549912141927,0.5623683959295445
1197468,0.4883868088791057,0.5832458872859947,0.6049391428633766,0.5616242014415022
1750010,0.6625372289953181,0.6403780487540848,0.8218845162298279,0.6490416509032566
1780039,0.5808529054873858,0.5687355819683005,0.6680364271302395,0.7502483504630104
6312876,0.6467263970081191,0.5838336021594506,0.5790020123465676,0.5425747912948341
1283163,0.5207855081727797,0.55695388342782,0.4710197409008959,0.6460220676272326
4777681,0.5225670738659287,0.5254530121175657,0.6137582185439356,0.5084266184031788
9450377,0.44096402290931236,0.7198060441708757,0.6472453552067691,0.4144852315483556
6659689,0.6886377023978554,0.5880056419924531,0.5537331393172863,0.39536965309851646
8039717,0.5919015301963636,0.6741632050034398,0.7625855318162829,0.5248204999216525
2789846,0.39592909504536467,0.7703463004343551,0.5954599797163789,0.6765890473729378
1107973,0.684996325657591,0.6322105514128248,0.3766985737616448,0.5786152124150994
3387097,0.5437601731859115,0.6861580830898318,0.6069828765192861,0.534089164558857
7338492,0.5344417362237459,0.8243427594984107,0.49788137790003145,0.6921237411691038
1907476,0.6531034116631955,0.41006717352447675,0.5385416571744412,0.4858744434896737
9159106,0.6610265803300025,0.8014030787620735,0.6668835834817727,0.5720233759450277
9282915,0.6159725329807717,0.6313650974663062,0.4590815305039902,0.6615695095573869
9763970,0.6404081329171486,0.7257319727158561,0.5946032307671236,0.4257576585794968
4594095,0.7464093843378858,0.6463530894527753,0.5188639248106605,0.49165375101619513
9290402,0.5114982813733688,0.6461598030663288,0.6513710935473935,0.7189023341569896
5613409,0.7459359594865715,0.5713915581994392,0.5790335186166436,0.3912933263547965
4150938,0.6091393164901101,0.5408796753397034,0.501107356828035,0.7434061556474784
5193519,0.5408228376666503,0.2522644518006603,0.5751356884486668,0.38981515970231184
6012310,0.6599642958428578,0.7185937200440117,0.7714510366297694,0.595215956752294
2443598,0.5554004642166754,0.5193565287058539,0.5456175666358035,0.7184903008835503
1565710,0.7992718253455582,0.6125887549019272,0.5736093085344725,0.300952720075972
2651520,0.5491025408740224,0.5370788289770934,0.5371659063808297,0.6286144023137356
4747702,0.26760921198044646,0.6989955796300606,0.64859157178514,0.429907878274125
3249261,0.5725888659358033,0.6056779679882605,0.5790205207296502,0.660888526013454
7059645,0.6425379295247302,0.5866555026139593,0.4254943553028778,0.5014882530319604
7376670,0.7955394158908277,0.46680397463458156,0.5642964712646044,0.48489683481061846
7023579,0.5340449421865194,0.7923224538122712,0.5432824347456374,0.4660790779410683
6337909,0.5017417756895177,0.7276692278214734,0.47700840404165273,0.46811631076394894
2261266,0.6831537637957699,0.5984031293577868,0.6353710636782485,0.5452458044983578
3846624,0.7101890454564893,0.6193190163829579,0.5209557889668164,0.440125179829705
3640178,0.8275953945591821,0.6941863456542147,0.5948531271422965,0.5767069863248138
1667702,0.8587137793156826,0.5791162232092039,0.6551089629948521,0.5453662565290978
5506325,0.3491160714710366,0.46972618553670686,0.7687628689047961,0.5796516337143531
3358494,0.5689355093769264,0.7121358948290308,0.4773877604951243,0.6515444906399763
6892254,0.6623399611278807,0.49649402383504526,0.6416592437547318,0.4790609895256799
9435043,0.41028937760881784,0.7014178295234234,0.6731986771143369,0.5648195131696743
3363636,0.5252995477665493,0.6051835106694565,0.8204246537783882,0.4355576288107742
7006072,0.5756623019637049,0.8468985846941539,0.7767599976607348,0.630641528204163
3468194,0.4642200440736792,0.4189008420275266,0.5936930242524991,0.6024003363088604
8176253,0.577721793808134,0.5538227447890545,0.6598033029839248,0.6083773233436243
7667221,0.5596423200767243,0.8528194358425486,0.5322712915989751,0.6626563375410559
7519863,0.53395037049603,0.4369537021759544,0.5890469288490543,0.5125579975399267
9811665,0.449994844866777,0.5012725456167129,0.5670728451332679,0.8572155665648588
8638058,0.5778635545594781,0.5338751687969253,0.5297185223135997,0.6450332223245149
7749873,0.6918518176636845,0.7320522841381419,0.4145317633310381,0.5146199796593325
3502676,0.4471527265612219,0.5139765269650866,0.46074662789628185,0.5596673593294776
7280935,0.727601334217255,0.7961701568065394,0.6372680012791785,0.44951741781169713
5411790,0.7002711671836606,0.42839927683678464,0.6503888954357647,0.4575531836749895
5524745,0.48116157365808093,0.6464260390221824,0.4322113314934276,0.5959480466845957
1725719,0.655175111001933,0.706382270323124,0.5099555815667877,0.4430058872856799
8945659,0.6126737804175818,0.6757674724656766,0.650734852348902,0.5194707986351675
6467797,0.4920970662210295,0.533252216497256,0.5920242462385092,0.3997025933320551
3120644,0.5154808050055419,0.5276903576485864,0.5959704025009505,0.548681292910741
4100169,0.44429484840399447,0.7649218112972824,0.4872954624014179,0.5790111222654645
7152729,0.5599300033004718,0.6358254675696035,0.5265635191283178,0.6783368876769713
1906155,0.9291090576898984,0.6571990053305715,0.5781958467247621,0.5489979515915644
2381186,0.5913504525564023,0.439040203120725,0.5526004743558067,0.7975534384938033
1331154,0.8107652012455384,0.7357027930669734,0.5114885299792411,0.5776531535015681
5121493,0.7013043654950996,0.7347038647188783,0.4887831720780518,0.7390170901520314
3066126,0.5794863487931408,0.675592931889675,0.5710924918362046,0.39226163815219633
7039343,0.5833240945342728,0.49034673919493177,0.45549568822452946,0.44327661643220356
6606256,0.5143197254618697,0.6482876290965928,0.410496652955323,0.6630893480256513
2404066,0.5631777329897555,0.6010152019419094,0.5738488603970096,0.6043794734791262
5086874,0.3763369220301245,0.6745730078647476,0.5107688803119896,0.52842260095235
3119693,0.7325692237704475,0.6347574022661412,0.4503890475060991,0.7151407572231989
7653752,0.7176464418539286,0.6172418322926824,0.5462800414461191,0.7519848000136479
7321845,0.49348952303796906,0.7026344963296514,0.5906807705164566,0.3025194899240148
2010693,0.5479780578675245,0.5983535015858027,0.4286425630088763,0.4851402479455358
8424575,0.6476568481797196,0.6493872603855279,0.5133717874504233,0.41017133889023355
3351141,0.5717047622497146,0.8166374583732035,0.5673735947170142,0.4930591720022537
3487770,0.6005101924743632,0.8236734392511881,0.5015573028532422,0.5877049970569841
3398741,0.567816237310404,0.5471242344018852,0.586774521912777,0.6551839777954052
2309360,0.5024560973952668,0.8761273730734139,0.7265901880559715,0.5283322068966883
2706566,0.687888387279242,0.5499772961094713,0.7249781844571792,0.607801123690837
1998115,0.6896199803239704,0.5147992153099366,0.5672766254641011,0.45180360121025714
3676453,0.7065209432300412,0.630916829041779,0.527353306061974,0.47608324293093607
9172235,0.5132459480000388,0.48900800256888766,0.5093581093390932,0.9180224314494024
8016141,0.4697921728534229,0.6859324684086704,0.5197365108574732,0.5335209723414414
2251115,0.6210816616839663,0.8424368826607924,0.5938610875978915,0.5254164617276863
9248846,0.6705283042379132,0.5239219831594618,0.6714902638002824,0.36346338862710903
4565420,0.571706800907522,0.7239089330158013,0.6831085414208772,0.4183842236394457
5942996,0.5253279769247798,0.7462087543735031,0.7569102256488648,0.5890063423944578
7219044,0.600078835431515,0.6349120469306431,0.6374721858240169,0.5662987072659248
9726084,0.6639103275566423,0.6531839946442717,0.49797636590072386,0.6125774518641001
2935681,0.3072439972330327,0.7513159983571296,0.5237175804405065,0.5720615736612289
6349443,0.5286756835394313,0.5254558612365902,0.5629494479443509,0.5800068079296131
4258567,0.6132832764070756,0.5496904717927346,0.509823968388765,0.5338449817820279
8833646,0.5199451333909096,0.5508394697565442,0.5504204519516493,0.5740349045075166
5456842,0.7409542070706692,0.7919398714419895,0.5562195246507774,0.37733889975141854
3311887,0.8393689498433108,0.8477165218133382,0.570397330900172,0.4893111038649925
4104824,0.5601834411452908,0.6504549937041827,0.5267978957624285,0.27597399439975945
8753297,0.6138159994194616,0.9522980245043163,0.6421140583285639,0.4023666279398247
3493201,0.44517930547690787,0.6183467289924236,0.794826003290244,0.7341715722857635
6422085,0.7206095319257231,0.6415414315743363,0.43721195717867,0.6755379192558315
3766725,0.6078476638342762,0.7950704436163473,0.6842154242559657,0.4366678282996326
6006652,0.6648019690754999,0.5530194373968241,0.6421935852947069,0.3917370851051339
1175433,0.4883641180321471,0.5788842794152461,0.481506018641868,0.4532343766783899
2023680,0.6367006602045129,0.6476998779611167,0.5938286020198248,0.5938767408838282
5293295,0.618363239733025,0.6296825693088359,0.63289292496208,0.6657125094161063
6360185,0.6319913079052764,0.6660312528586328,0.5941022573419648,0.5152093686447267
2392738,0.4134185626619348,0.6232781926715542,0.6945434486944455,0.6367402406350587
5553851,0.5831488294059461,0.5233387479167791,0.4970497983364193,0.7545219934847425
7805114,0.48283771433102896,0.565248349758578,0.7258348346961148,0.5898647636947933
9565635,0.5962295551226005,0.48448199983460055,0.7013868622810067,0.5453614054099941
4986430,0.5824036638156449,0.7386788001856358,0.5292325399302585,0.3705233168714762
1173184,0.7103572195978546,0.5889247627719187,0.626067353457528,0.3595581607234487
5565932,0.49329639287562116,0.766366830933005,0.5417606836949759,0.4041582816294757
6442959,0.5359013082604513,0.6513822347107965,0.549391891902841,0.5924528098257419
1502783,0.6909055743299853,0.4426349879760363,0.5030196882986555,0.5186212011938004
9857154,0.38797076349748993,0.6089138901148152,0.23926717101616912,0.6326672719166591
4798741,0.5746446017477388,0.6151175269859108,0.563399253655142,0.3416417960834819
4910777,0.5842537801928297,0.5830859290517771,0.6832647528300666,0.578341888031432
1935078,0.5415316356881609,0.47300153804813694,0.5473255475121909,0.6052483009047138
3124901,0.5774053625823942,0.47134930091573835,0.5871209896368719,0.44486102161617047
1213333,0.5277656550965238,0.5502400327813335,0.6046465764778853,0.6858829522203972
1286243,0.35730027248553753,0.5750285292217288,0.6558779853884862,0.5705393468449169
5612990,0.5004299964673888,0.5805141010627751,0.46182308119204846,0.6206343740205489
8383817,0.6589127076856587,0.6590685157752307,0.6491537340090917,0.6074685915933079
9146052,0.6826302500153109,0.45331492237008314,0.48281751269533035,0.4742394397753143
2223422,0.5371356430407932,0.5798989994221262,0.49661607557813975,0.7579502882303008
9028859,0.544741505003641,0.6296498395790189,0.5980495466258666,0.36761648048024453
5946024,0.46678097424466347,0.41130330886460553,0.4533417440625085,0.4982422967241906
5609483,0.557669865883515,0.5653830611438037,0.7322392449723549,0.6454504569531919
5779216,0.48315936779585084,0.7667032993885166,0.5581664894661702,0.6011506386572393
2114364,0.2961745332012451,0.4441027092233909,0.4189017046741905,0.46094601074871616
9760703,0.5864397933582949,0.8710277767783527,0.554906336836602,0.6111073514588261
7325111,0.672449678448539,0.7630840065375845,0.48140143985995404,0.671833783158593
2276073,0.7414226280628844,0.6725728528604658,0.7774439436555818,0.5860307061224451
2214192,0.8144429939284636,0.5945442880275067,0.5501377486215723,0.5631212205743464
3375610,0.4946597861801637,0.8427066064730329,0.6404940277824035,0.5249376142126342
4081906,0.4788355190347615,0.516332698794763,0.5342017878488983,0.572907712557813
8856382,0.6010736317324534,0.6214168281628291,0.4487027540208693,0.6367179169006854
8698820,0.6877883556450625,0.7185717833791566,0.6574576703577149,0.5664139662557299
4981226,0.7235278455455919,0.7417989901177108,0.6754501483122912,0.5693913423261654
5750641,0.7313712693142309,0.9223324486160447,0.5607980990561681,0.780429461945227
1469445,0.5731610923430166,0.8380197652385968,0.577595351721328,0.4019820172689974
9646874,0.7520574293893445,0.6113516101917186,0.44565186710522864,0.4679444984115345
9721249,0.545483177452124,0.7187500959671048,0.347820909067315,0.7013149534608203
4970096,0.48303783085028135,0.5346628824299042,0.49943133394601913,0.6501063837250538
7870875,0.4233414888582119,0.6008512780359754,0.616195662860573,0.5556912214295257
1496313,0.592767433960703,0.4216080512654437,0.6767753171576631,0.6161942195525869
6406297,0.6062251296259769,0.5163183343843276,0.4587085251327037,0.5692412580494397
3705611,0.7347551163657462,0.6736606411117954,0.653015206098663,0.6144918117180455
3276023,0.431727531996034,0.6104296907026037,0.5019991342109708,0.4536257674759882
5195159,0.7295791699396372,0.5720291948496833,0.39669895228664925,0.48510555677108685
7905136,0.6958084990985585,0.6381749791884298,0.5681078257332555,0.4268016979316153
4242417,0.5783255866477969,0.5310096983349485,0.5667399304949624,0.4449723437760576
1367213,0.7219478626558669,0.6282749692230434,0.6081307214023978,0.9555102601528258
7008453,0.5515013207048974,0.6164567233364638,0.5266470574791289,0.7456722691016561
5331173,0.6952594859681479,0.7531422742073896,0.5672087505680564,0.7049366547413473
6060545,0.656946432359929,0.6817604677843159,0.5509257422448103,0.5918880019682644
4058088,0.6621158655091023,0.5250533148584864,0.6714615817704882,0.376397360230825
8843612,0.7729226575446217,0.5490553753421774,0.6318624270329606,0.5787756369019792
9948775,0.621500986516554,0.6153895063743346,0.6309234761025472,0.46509638694954347
5204008,0.5720945671616283,0.5663369946843428,0.6343160237289116,0.4684445075094509
2105220,0.3793467909202678,0.5256845601510993,0.5750553636769022,0.32604514392465817
8381516,0.5482640287370748,0.7675966058553382,0.6966045139166823,0.531493209606582
2893141,0.709094246415584,0.6178860967035474,0.5108276783418055,0.561263919121996
2015145,0.3271805256951169,0.599701039777381,0.4616883167360652,0.7497307390361907
4619178,0.578352941276674,0.671726892597486,0.7504133585454926,0.5910443164513144
8168668,0.5602271110380432,0.7069574637183316,0.6021938849420038,0.3928480819792698
9542856,0.8826638174867367,0.6213572866006418,0.5321967446515019,0.7720586397368834
7644291,0.5706622764606172,0.6701355811038557,0.5145193490314084,0.6723541525315793
6855830,0.6647599798990469,0.6103196478378562,0.6957457312333913,0.5811652486207526
9520260,0.5915513499063703,0.5097871887836062,0.3963418658358724,0.7817188183308692
3183714,0.596984928306008,0.6802254123005582,0.5936850714894486,0.42146285216921214
3083368,0.8287646729078006,0.5268895075848469,0.33718626511467115,0.5804305621706237
2739712,0.5608404740493058,0.500950467909755,0.6774198456427458,0.4974573964485444
5669664,0.5905217583353582,0.8344877845433717,0.6662434220402306,0.5734249469873425
6132977,0.7051473585121689,0.6093211610049094,0.34592110511211627,0.41416084410601356
9846312,0.6146463358387535,0.6166619039927217,0.5567391352812392,0.48180151689330636
2721648,0.47748168863204843,0.6218081518002588,0.6560205508390546,0.4161356187248187
5230056,0.466103701655201,0.8078061118742941,0.7508409573169031,0.39191534425192354
7595361,0.6928253128854128,0.7429628077778002,0.5609046040785426,0.4987299577149691
2942203,0.4461852564373216,0.7314270214190048,0.5460042350735613,0.5799524667180432
8435751,0.5282087259917958,0.3950059754000855,0.6843506848078037,0.6522813924498738
5598749,0.6205254573903172,0.48732993711436406,0.5396317235677572,0.5759573381164874
6342804,0.36592190787853063,0.5824466279158,0.46281580949982504,0.44067086709433645
9417762,0.525576171001419,0.8514406914070993,0.7111848892432541,0.5953561192786708
3901359,0.60944595855672,0.49109868806543466,0.708837745671274,0.4708294327575939
5389433,0.6288301240387779,0.47418974354757004,0.521632618033976,0.6140746350910202
7296661,0.4474881677721183,0.6120434328825384,0.544479895830424,0.7043871876956392
2540871,0.5990892652989334,0.815093082584788,0.5915427219297144,0.4439026921325528
6245669,0.4767819516802546,0.48354425729973805,0.4734360535656047,0.6006455042922771
2761678,0.6613988927913326,0.6120652570086001,0.5405374239974156,0.4654084796043691
1992985,0.6776577556461167,0.7473627872053563,0.6021699861748923,0.7273348534936779
3138802,0.5626928565501964,0.5613061357632896,0.42118841582333866,0.5377014619812488
4946577,0.5791859790265742,0.7302862432032043,0.7099784646373588,0.598082722774295
5612195,0.600603378452823,0.7524338130991973,0.5990152900641758,0.6648364391000926
9862878,0.5699699420107293,0.4300088527537317,0.6861052949051107,0.6475472579692848
7463792,0.6373691262054807,0.6382693450521962,0.5703750752206507,0.4994516795661345
2528441,0.6420133027869762,0.5983449062601721,0.646125442723935,0.5842255474446668
7706369,0.5661116033174666,0.6740495062060263,0.37830550352975423,0.6098199757665936
8974587,0.8673846465136918,0.6550375508086786,0.6499925821926845,0.6042384275709998
5941464,0.5125689325589434,0.6732196052752862,0.7627843696063278,0.5574934926844854
9911992,0.42381664959273935,0.8191867178324864,0.7249533946604757,0.4389987430093145
7825607,0.7463185143451462,0.6831482102809566,0.8168325532594676,0.5112037579166143
9286296,0.7948532857761436,0.778595585273438,0.7566356130985906,0.5564510781342832
6333876,0.6137670498261515,0.7841871486766051,0.5570765504337921,0.6611377567183829
9375557,0.9210952461769313,0.5853340374885462,0.7203947517532286,0.6715775072455956
9191661,0.8006115464144526,0.5482504625577554,0.48842765872343874,0.557526277924282
9130215,0.4452576557451521,0.3875998083023995,0.7708381808009458,0.5416111365200932
7991400,0.6975277242591563,0.8366809519488727,0.5863391436502796,0.5988684350187921
7199529,0.5291628368871673,0.5263897639773257,0.5999389200605392,0.7802296160227858
1530109,0.24932049832576647,0.6046095079779265,0.6720197734907518,0.4247410584743322
4063837,0.8526501403340164,0.37456094305499477,0.8093276740696265,0.43491020428977034
7941052,0.629635454896305,0.6989280689822442,0.6188699851369155,0.6734031193212255
6575641,0.4606065845044379,0.5587868542788813,0.5205610139395555,0.5230190725239499
9028155,0.6623545568049796,0.7523173171714675,0.452015000619881,0.630149558410569
1926284,0.8291850863178386,0.811827714847469,0.3017358999408272,0.5849950173833072
9484677,0.7749784190158253,0.8067364791883124,0.7443890447326373,0.5812038465107722
7259421,0.5317165514814548,0.5964248601703037,0.5757966783984542,0.5373686256940107
8825884,0.5467156816233567,0.5630790329063011,0.7277298129899169,0.4854971246437928
9354070,0.6652213906028567,0.5915229408273843,0.6228653791069831,0.6198865332954088
5635761,0.7364980630473051,0.41968395481424126,0.7095412534772783,0.7046155354607104
4602178,0.4768614362516043,0.5398718959634393,0.5459875669702069,0.41061784060756806
6903959,0.5098595183744606,0.5867252542023462,0.6159307449604887,0.5881684055686188
5518267,0.6987622244265569,0.7809266980177257,0.7818217288404633,0.6979973300605992
4414816,0.6429150440304754,0.7740099230438218,0.5219325357544581,0.48115837176603826
8435223,0.6777729573368433,0.799144182524032,0.550655726685533,0.5789298174447557
7528005,0.52203429611936,0.5644808670416808,0.8143448845096997,0.5258425719044256
1676165,0.4869328248166953,0.49639076325568326,0.6915989857810694,0.6785353763855748
6283000,0.7802617335438609,0.50703671419585,0.4703128655994745,0.5421179285114281
2764569,0.5969860602007152,0.7455276403349544,0.3646351135042392,0.6817466803191722
2983260,0.4080681316643202,0.5476465122604055,0.4113372328374355,0.6090717859175776
8581207,0.759461672083547,0.5632261069314413,0.6483205933562354,0.5637792562580145
6530476,0.6134237852599272,0.562259537654847,0.836534933622378,0.5995817245180743
7350095,0.6198634761543507,0.6595010708255025,0.5636840551303336,0.6232601474693111
5744709,0.5087576463339942,0.42328280817794633,0.46905045669312456,0.2889323340961188
3949810,0.5530038360228988,0.7923750075449084,0.657991383261591,0.737210223431458
1435929,0.687791722796243,0.6799262973763442,0.35680191830477404,0.44314451114496856
6447713,0.44985586712520564,0.5130860671363219,0.7586115530356211,0.49864659210431683
8101434,0.4975082347995231,0.6041620631081795,0.5056351618902148,0.3962966217062729
8313923,0.5507298749041835,0.5604237497174727,0.7061108245551135,0.5596427562452696
2657574,0.6352856734777205,0.6107200859078693,0.5568762372831295,0.5576076996958763
1235689,0.5693813436188602,0.3870017004795472,0.6287846514778666,0.6722145702758633
5530239,0.6615394267789826,0.8848628711710625,0.6356685963618376,0.5620513995399407
7031237,0.39019941514868695,0.7628662507919239,0.5681380935349084,0.48013435534680005
6141146,0.746111118950141,0.6355664975458738,0.6328338226664015,0.48426174589102156
5842152,0.8412725933001477,0.6115124560823305,0.4908435596894819,0.6302418760679281
6168862,0.6931072795371245,0.6783488410008676,0.6507657336361002,0.4209872597436047
4859749,0.7384453212008428,0.6333778110269731,0.5850824987059001,0.5807569504302299
3503536,0.610544121744581,0.7796697590299606,0.6319204055219383,0.5718438664299558
6090331,0.7216080087356309,0.7408882882498474,0.6255344573151271,0.5029545909431634
7644681,0.7901512601545574,0.7299508850441773,0.39492477860931013,0.5547780814052173
6234851,0.5329193543676795,0.5577228101422279,0.4011894364067343,0.6496143153045784
6586371,0.540371502275409,0.6219919040749737,0.5263901151236641,0.5349143730707463
4302727,0.5185718734293505,0.625692604379686,0.7045678269616705,0.5803353828809216
1005535,0.44646913931814713,0.8599040812364812,0.664276376128714,0.37370470998640093
4233177,0.5548700505546149,0.6281935993194536,0.4331294267198239,0.6221083677982379
2873844,0.6884973813926756,0.6410602561699875,0.3524399768867237,0.57409361849506
1720496,0.6613663311203946,0.787730598857817,0.512692039580617,0.6620457397023782
8283416,0.454813587744255,0.6093472839473919,0.6309795984323455,0.5819925502189622
7132772,0.7506402088918973,0.535843458234484,0.6441682939000681,0.3831699687046245
9164396,0.621845474505482,0.553183207830953,0.5121256402745742,0.560821019884851
2706654,0.5527088361441302,0.7992175736390903,0.5400374235645905,0.6231995191443388
3267348,0.6269498042812773,0.6443990487010293,0.4865071385796393,0.6143994122445848
9447902,0.6048096526256262,0.5625343859625621,0.658135269232418,0.5086543432643033
7038495,0.4267478785029276,0.5132021184859874,0.4381512236292684,0.5809792887345285
6731771,0.7264669565110403,0.6525977075875169,0.515871973454548,0.5516479767437609
7619897,0.5744001729648591,0.5496424231709515,0.6028657586583408,0.6169539736420904
8372709,0.5381215695370645,0.7323493070754278,0.5739377731672016,0.7068116252002761
1428897,0.4913006600004468,0.5023381480250095,0.5294759369096537,0.43617926185575767
1918527,0.4908990596943969,0.8818436775614995,0.5838846638575496,0.37756660577748563
1390224,0.5270609672187491,0.8137330001319961,0.697095170771447,0.5482058821057473
3218814,0.47860535427781425,0.4336881521165469,0.6222750477768507,0.5441429185784706
4649413,0.636027507364292,0.7622463668889696,0.40394058995762727,0.7007089739610053
3791951,0.4367279119288938,0.6644229022959756,0.6856531191196273,0.33628596702796265
3112670,0.5593599293083735,0.6658455349880426,0.6316720953482864,0.5714637887304759
4979763,0.6692577565575965,0.5563457156206195,0.41744734232618264,0.6189184084962646
2573008,0.4889218986956201,0.6374577321060212,0.6178009714409944,0.6410075074429307
1056383,0.7576772077713059,0.43344920164615836,0.6478469418893181,0.49349150661780283
4808153,0.7082118017220214,0.6437683765618593,0.6229554892739768,0.43266572682226745
3144119,0.3907512173968021,0.6421911646561425,0.5120588983514506,0.6073425399420682
8260011,0.5703789405250009,0.6479043336681555,0.5756419224607722,0.45972320242371084
1394267,0.617075452924349,0.3098376182620073,0.5049645312661439,0.6140043872550991
8080812,0.6924364111036316,0.6491068279765444,0.517567937221806,0.6829456761224916
5422450,0.7908291846317305,0.5962032939723295,0.6542818248681204,0.5341526195318338
3240879,0.6793825091055938,0.7540090667751671,0.5717088546322264,0.32687492681025454
9595718,0.7439873959609267,0.5819027820960748,0.4167039093032988,0.44326215280248826
3331219,0.7304819406668551,0.8532171170108733,0.5169400568654717,0.7684799125812888
9392704,0.7975267768491013,0.7087027633946482,0.7380569689481258,0.5845405855479606
6824921,0.6991620304317971,0.6811289609416619,0.5669575952219339,0.4200486861185754
5721373,0.6409134219826902,0.4856837289176155,0.4348256954605968,0.3730007399592266
3840369,0.6752384249979122,0.7981091248632768,0.4153440763205497,0.5385322103627879
5161247,0.6081285452328464,0.7984382524393472,0.44978677874091055,0.42041872779955813
9315080,0.7812941653286268,0.6014759448255049,0.6674549058669845,0.4374229624320523
8947475,0.6671775574754677,0.6455156381202793,0.48159339627843434,0.6872917525129733
1991017,0.41110391703497406,0.3317817660727159,0.7854234046524432,0.6879946184877785
3826475,0.7056461107816622,0.6058285775181474,0.747844914734241,0.7031317312566486
5178657,0.41714248982469415,0.6198836402769865,0.4192583500005018,0.7296471131483266
7205475,0.4662354849330776,0.6115889941886848,0.7640598303117723,0.7167752672365014
3867317,0.5520696073701121,0.5947662347004441,0.34091539302613394,0.7375389280136913
9730325,0.6462556337757366,0.4329683726005944,0.5037201499001737,0.5998735783686411
7316210,0.7412154093389476,0.6094031440470589,0.4539666271845745,0.5029946399990619
5888214,0.4501841695742871,0.5584189879712941,0.43453141049326793,0.5252724283835686
5509701,0.5885460605815942,0.8378947335298208,0.4647112631692066,0.633935897441734
4928442,0.4690530741704587,0.6086335234806941,0.6765230702511659,0.5214101070363488
7983047,0.503869361576059,0.669978777073612,0.6541928400076833,0.4305985698889916
7743051,0.6125571843833995,0.6289095009410471,0.6510862082039515,0.8759874865562117
3900606,0.5497933622367562,0.720073350705877,0.4604314420891991,0.4398301136185188
5129319,0.622307862240992,0.6575676723073349,0.5514811632101085,0.6838740477254577
5052695,0.3651594758312856,0.630419539613643,0.6728800306798061,0.8131891158153111
7362512,0.5398455596696214,0.592313729980687,0.6240283139640902,0.309230073836103
3250521,0.6275820644645137,0.7267284481649167,0.4964965072836637,0.5052412763729407
2962189,0.5478167091358259,0.5215629409494575,0.6342612374300671,0.6008311921960148
6606345,0.6918745548342266,0.5494272951273594,0.5755144114797683,0.5764104948422315
7299432,0.6089892161747846,0.8232224690088357,0.7641011191160176,0.46194687889258457
1733353,0.48302990250341515,0.6084528280586317,0.7071157050129375,0.48501637465779496
9896655,0.624591796351795,0.48960669350612884,0.6860656940412284,0.5673436248095068
