ReferenceNumber,SATS,GCSE,GCE_AS,GCE_A
924197,0.5405423513413226,0.7795290777555687,0.7149352719968853,0.6868946200963968
562958,0.7486236651998188,0.6855459127023285,0.8571126374283905,0.5633233872133145
381632,0.5671281205196725,0.753859569267066,0.7463048380265682,0.6699658903103817
363028,0.7323834762147952,0.6963863716303818,0.8160144638186931,0.8295428421984883
176588,0.7692151532114551,0.7217862294373176,0.7898086197555477,0.8202904392951222
360610,0.4228804967801165,0.6648809548254712,0.680142049837984,0.6602329633172874
313802,0.6770261479730848,0.4009373449751116,0.5724494200684629,0.8017811886684815
938521,0.5006777862017384,0.8278889323915954,0.5413446259509777,0.72160730590647
328815,0.661593590863508,0.4740166066441155,0.6867551530708123,0.6551946991594145
674253,0.5215684002644835,0.7799171772744788,0.6262510535302375,0.7653953052464804
547239,0.6623763348382643,0.599506040691326,0.750094369327423,0.8097079717609137
492904,0.7254478626390974,0.8225303474914143,0.5086310023102476,0.8252059765440075
140937,0.7665397777203896,0.5327509513100139,0.7297749262486,0.509982967700531
512461,0.6648665498364976,0.7823325960749088,0.67889539498367,0.7852831516401786
307937,0.5960829757342528,0.8689933975526478,0.6848697709344771,0.6835421022563988
187821,0.6101970508956127,0.8022742221818727,0.6776357149638697,0.7928183013674669
736402,0.6747076293215074,0.8090562545853857,0.7304849001342979,0.6175197748598615
781209,0.5806226049032409,0.7285652755965604,0.6296393798092241,0.6878407036869482
720230,0.6602494325458179,0.519404018344068,0.6607998998433192,0.6337159608544254
912391,0.485667192286249,0.6900997633994141,0.720559284921727,0.6885120180848244
118675,0.6234183198471083,0.6941346358478946,0.8997125164019322,0.707723413282928
302361,0.833947162062723,0.7026614919974523,0.6873847030244297,0.7700625042753816
853594,0.6937241905254238,0.6699891518772886,0.618195388376555,0.7014181011904502
522606,0.5631576990782352,0.6108537929168539,0.6695380002353333,0.9415346670456528
690831,0.6539768968484204,0.799880133934285,0.7208580330596562,0.6582038440688861
640867,0.6752201243125142,0.6549753051167653,0.7834875431752012,0.5118350073764898
301108,0.7628646554169082,0.7655840846139851,0.6704114322498965,0.7194108082350074
165878,0.45864687049936687,0.7194826137549248,0.5963055417542498,0.6914446975662325
405144,0.5995510928937864,0.8396144510426987,0.5917016893870393,0.6628598745545273
461301,0.6307691864319146,0.843006719176768,0.7080726113275536,0.7953687291365297
490754,0.6051924338745743,0.6512771181976718,0.769965451493467,0.7266260688901158
908857,0.6921816686615554,0.6371069352252658,0.8887236527205407,0.6874203906236418
426751,0.515770517890544,0.8339868497957165,0.6442341698988165,0.6628388112173158
397949,0.6169424944034749,0.9962756707153875,0.819543810512319,0.6240044201704698
225295,0.6885427015283075,0.6923176254355256,0.7194377722270917,0.6290221148088353
664709,0.6517949218368675,0.6907467712950606,0.8524425366483795,0.8463762844090967
544683,0.7336460158489542,0.7189833801278166,0.5404213731467395,0.6797548305113061
102475,0.6042923814702611,0.7478625624274459,0.7396140704856012,0.6569945862537121
873824,0.6399048560176855,0.7017021668772332,0.8818299405566823,0.8420724596470396
225284,0.8093728555673767,0.8100498164109812,0.7623868221422635,0.6114447422555924
733216,0.741776476342081,0.6785414297310057,0.7152468346638631,0.6873848924522594
823236,0.6545833378195938,0.6096109792567117,0.6495493234391475,0.5995304390347819
781546,0.6547163729010458,0.5491238953802242,0.7751188230958926,0.6563132188740443
142237,0.7216890149516965,0.7719701865701192,0.9196378315956468,0.8154174695620782
435649,0.5050304947546191,0.9142728248944624,0.8386801735244808,0.6112835140262833
647640,0.44628289552191946,0.7044205292177439,0.6683067843156882,0.6428878830110855
750415,0.7606392479945988,0.6886570540765579,0.8440621390636065,0.670412095104839
273148,0.6033879722611019,0.9377787969067146,0.5515957352366477,0.9308385878164508
434982,0.6198719517137923,0.5938069043854759,0.8186586667640136,0.7651664956426437
642667,0.6918262586083896,0.6285641337323616,0.646122397137566,0.7449050428709488
346901,0.5856537866700539,0.7089307173321344,0.741725652318371,0.7676510910480785
340644,0.7419233058082169,0.555703681599925,0.6098254475387468,0.8058168962442313
332361,0.6944126632143668,0.7028238799998048,0.749858356300269,0.7884551741477539
191947,0.7154548130812061,0.7508616646759614,0.5739920209286333,0.8376475675666445
374452,0.6571622946321536,0.7090958982944136,0.6090485678247727,0.7636926595752028
976203,0.731124854128015,0.6705896812892764,0.4145108727666415,0.48797170661898115
911575,0.6018892331976708,0.5965737662390729,0.7327812361833956,0.7433339135473982
120373,0.6325339759425984,0.6308623892648337,0.6861399872786557,0.7103631904765959
627694,0.7860887943081446,0.8169437233189855,0.7646951421623331,0.5401695666469196
285598,0.5441508970578854,0.7688130938388396,0.808623080883466,0.5494464659066389
845842,0.7572683650509019,0.6297287154328907,0.7705892079964576,0.7310013012941604
106146,0.6426671790787617,0.8305733426421227,0.8001757012415874,0.9341697054897042
184650,0.5704959866775481,0.6294993712875231,0.7384864280996931,0.7378100580998523
127697,0.7954230456588343,0.5961201503751313,0.8046812273964334,0.6817558662155345
741733,0.7150633413860616,0.6497843146646884,0.7353237794003133,0.5918032054862048
342503,0.6684121680569172,0.5947490533246271,0.7196772750234293,0.6980404030602753
796365,0.647842131243142,0.659142705879562,0.5850421075052427,0.6055381979966324
523106,0.6580442730138469,0.6335980846364921,0.6384382733334159,0.7816194492425963
363598,0.4946455317519422,0.8265494199179257,0.5839327008513244,0.8582484436059533
726144,0.5322733353715057,0.903597358416833,0.6672059832862082,0.7437467371554178
918710,0.6967852485975758,0.7879467898454062,0.6062507081422874,0.6965038197973537
957570,0.708079809757889,0.8121954849788333,0.6569883429881551,0.7746209848761516
695822,0.690911154790011,0.7938514565245407,0.8021691651507485,0.6216429080684202
749920,0.7412052242677932,0.8237097541837068,0.7314674756820909,0.5545031599885684
875260,0.6245206920798222,0.5642545195773224,0.7296650559174099,0.8343891457319326
525664,0.9275186399277808,0.5696376555344551,0.7353511025115225,0.7926646651119935
638387,0.6003442965594548,0.8094786947738164,0.7699066099372889,0.6791650611952249
459569,0.542721042903989,0.7518719626516869,0.4794358461581581,0.5238768034909249
437427,0.8273379803536884,0.8124926975133837,0.6611384940534453,0.748182756683355
521681,0.7604851385616888,0.7304417056501082,0.769646628271691,0.7382365387618067
790154,0.8376635442258389,0.8077104556657291,0.697163640784888,0.7015178250924126
532741,0.6577327791425892,0.7655605213645328,0.9484086232904749,0.6264832056008675
688573,0.7153258366848942,0.6930262393861071,0.6453414295704102,0.6480985236133141
941400,0.5781624932904882,0.7521259753955011,0.5870827071209266,0.7371691808494074
665978,0.7349706537732928,0.516445660505542,0.42447117162995923,0.5832344812401257
219406,0.5811655947679683,0.7679500996476922,0.6743785161789566,0.6256176100003841
957297,0.7644135764949088,0.6261853082758435,0.8732217256439554,0.8377832127299264
211347,0.5464704718943356,0.8164468402321634,0.7436041519245801,0.687717504420437
693875,0.7287775194134449,0.7527005341813635,0.5603934936507426,0.6861241416229028
841384,0.6627609378595376,0.6376812055509571,0.6854291678374876,0.711810222473837
482841,0.6835630710584105,0.7574406402444253,0.6048309945057271,0.7430199564076427
273308,0.7173371925938178,0.6606677991214801,0.6470338119601964,0.7267495499138802
423471,0.6325980314267426,0.5716002697868096,0.6885346855025016,0.7038752736629448
832368,0.6526385166505357,0.8265379288941842,0.7015524124247898,0.7337311872776431
842595,0.6804650226600228,0.6524064217465063,0.6335762817790556,0.7303420355969659
110406,0.5214345531311109,0.8815723900606613,0.7253522408678972,0.6995956303631443
136888,0.6081846817457172,0.6592317130334355,0.5181844070644231,0.6346240275449615
126546,0.6371657315699754,0.7187349331963234,0.5840550193719789,0.6210212493536795
866450,0.6638717736502776,0.5546899226130171,0.7656479565412876,0.6113691826771954
125280,0.5976476369700201,0.622047153204314,0.49586089833278013,0.6643682019979235
510757,0.7298409003975747,0.7722036203890457,0.5773205323108848,0.8150534330393759
284063,0.5942627243572436,0.5966322984115883,0.7387952581750635,0.8263422604447658
278362,0.5811417982671467,0.6125007271312167,0.49398577385357545,0.7662570068676404
862525,0.5115019587451528,0.672141078891145,0.6546193394828084,0.8658228146418355
440865,0.4925359724525147,0.6044038135167614,0.7175135332802567,1.0
141729,0.7284839946303218,0.5873451008831618,0.7060556668014252,0.5886734829245635
220192,0.654816154388258,0.4806323920278712,0.706761009270184,0.5081471131250396
885202,0.7227751827786596,0.7697553010529179,0.6952898810122518,0.7545127846689467
538136,0.8664539630511198,0.7803266027734161,0.7995305066274914,0.8460708635839782
167072,0.7616298720978698,0.6821302651911065,0.768517399954207,0.6110791545528448
994983,0.7302206494041492,0.701426540926278,0.5307114431655382,0.7650999564717521
669175,0.6154164813506598,0.7380560947166029,0.6475735935054765,0.911878002191832
392618,0.6465741700322353,0.7438314557613253,0.5518029244149716,0.7439313852723327
489089,0.5412466885373078,0.5868308982223778,0.8037883052526066,0.8589093893123212
527742,0.6552098281574527,0.5719472981568122,0.6798707377310361,0.7904995218040693
890309,0.5101412793714627,0.6247999464536846,0.6837005606411457,0.7872408695128126
516875,0.45707843958192595,0.6729369923388102,0.5839098162801072,0.7854751634247431
443269,0.7528518869354637,0.8848616469883275,0.7362240496800567,0.9976392051237725
707848,0.5149272615060874,0.7151107176154622,0.6577392351854501,0.608732565688822
221412,0.7791300882265249,0.7203309565510427,0.8141115157224752,0.6878826630175797
388002,0.576351749353935,0.616454744511703,0.768605739319199,0.7494164945782045
112765,0.7076445029661041,0.5816407591172219,0.7159389523518602,0.6043690061362321
343764,0.6889434688250833,0.6383444038270925,0.8432723066216806,0.621594479942414
464060,0.5472230061526598,0.5107866419543499,0.810006251200344,0.7210135019101789
910932,0.6156893308607762,0.703602045205257,0.5167939913525018,0.7667585365359697
986803,0.6871273281572308,0.8067558041479594,0.7460013605331517,0.9001598097730811
357070,0.646218177881907,0.6687546440058576,0.49804536767244995,0.6137435036518928
823563,0.530915979057195,0.6279194734330045,0.7057973245481516,0.8036334533755205
555576,0.560363662466546,0.6800605948604468,0.4845081107277947,0.9047527010080954
606263,0.8360039661433912,0.9310845758041788,0.5636750831856849,0.6723651557846207
549427,0.5222984566482312,0.784195956789179,0.7126893131987179,0.8909707076048721
503012,0.578264628394697,0.8500290854466719,0.6605548587202797,0.6971439941007773
781581,0.6927436173542519,0.6944963789685034,0.5102192541359163,0.6320096336495564
354993,0.43429926546973097,0.7470642651347426,0.7099308770976906,0.687374798657404
773663,0.629726476360595,0.8359343318556685,0.6850538679138686,0.7749584997616525
899690,0.4981645351727247,0.6419149090842984,0.6888656400080274,0.6877090686737117
183720,0.6792533556834408,0.7189165893499825,0.7633743128372252,0.7929940937917992
646843,0.5824967859477043,0.6306753879775974,0.7955551972354595,0.4820947404369923
161769,0.7159860564588347,0.47767429764454794,0.7102400533113453,0.6635225297948966
753483,0.7357594979006482,0.7633140326997565,0.4924000070261161,0.67893827679712
454854,0.48306586817856606,0.8185657550234943,0.6424855782209593,0.48467193153211285
496323,0.4381281171548711,0.9437284543863541,0.5355706117105808,0.7716287470330789
721692,0.5380170560061373,0.7268032118139275,0.6594357959321803,0.7236777596652468
562418,0.5722082131929744,0.8643139961305963,0.9933189462061243,0.6529162751386121
166701,0.7591914460468452,0.5998425136013232,0.607347699856332,0.7812567015617846
919601,0.5967247231672855,0.8303091702092187,0.6479386655008945,0.7757951638435219
648138,0.7705229876925547,0.7873859739630681,0.6880795636383052,0.6163501069573599
547839,0.7308151155949165,0.7564162870125579,0.7091489827069204,0.6486456191577225
332762,0.6215986672459328,0.6391439313068297,0.5612780060107236,0.7837807806976718
304794,0.6911516646471982,0.6114702883056953,0.6839201700548059,0.556521426613049
981087,0.6900378955505161,0.655733463454608,0.6070237087264585,0.8698820894061207
246201,0.5662977015345724,0.7475529592974325,0.48587267168860204,0.6039692966824758
493092,0.5311198267114092,0.8198967331795588,0.8712800706135073,0.6826673142916265
192453,0.7047637361556016,0.6609912588692888,0.644668893400404,0.8423025871675951
176521,0.617315677966405,0.7390020170249856,0.7180164550562113,0.8209878413131966
381705,0.6737116384985549,0.6460660665500967,0.691088687660782,0.5156925187324106
968744,0.6972765951262097,0.5398496755284492,0.7546251793119002,0.8527439807698534
431096,0.7354045882595449,0.7653993032889118,0.6481672767359827,0.6287875751373782
731213,0.6279936200334536,0.8339327880014176,0.6761927766302307,0.8118108980984399
394867,0.6115696524326225,0.5235778545975162,0.5913789013625099,0.6991318751119534
724144,0.6584735883231447,0.6915111821418657,0.7836028054698951,0.6926043363802497
839473,0.6634552386287853,0.8249288602168398,0.7492178200510303,0.5237264254018923
978433,0.7601486127976799,0.6873730690916068,0.8212627059221632,0.6564217601323383
357833,0.549096405981027,0.7483552192584374,0.7971203262545119,0.7596546832769574
178476,0.6557115718963126,0.7068723383265796,0.6375536110256252,0.7499545951452364
265756,0.630057993774579,0.5894934331218266,0.8553680666177625,0.9750637770414604
921884,0.5555143817173853,0.798210656629278,0.7065603644300187,0.6090646807111527
623248,0.7391016567062888,0.6462748527571306,0.4343031019380936,0.711626646506061
415959,0.49991452594422403,0.78111071774464,0.5859242699718425,0.6902390501708928
328532,0.6294896593865698,0.6903831627051694,0.6773618080672001,0.8580421039527449
520198,0.7955070781198438,0.7906325765400232,0.6604068881759496,0.9177281251317783
771452,0.6634451276652463,0.5216858173456241,0.5219494006166928,0.7748572814480927
370507,0.7558228990350734,0.6216743811790335,0.4901955991093494,0.7143649190051147
959182,0.6082418062001168,0.6350540543042961,0.7687063145935485,0.9230019042029064
455782,0.7737929995930397,0.5976564066823961,0.810989553386108,0.7293036130583631
350032,0.7095828145879797,0.7458573830429233,0.6955914976444534,0.5176654672626152
638021,0.6782780507755068,0.783108153483487,0.7359405494928309,0.5212458611333
335732,0.8282498783444437,0.7138989809233088,0.5726358999883352,0.6166679237208421
681619,0.5761260676036505,0.6542201283650441,0.8144773323405378,0.7172170084641024
684170,0.7946819930331301,0.6079445719480293,0.6994084644652356,0.7038563344480709
757216,0.7959174081392832,0.6134005784146104,0.7862611872809491,0.8874414917415884
302426,0.6734265456009333,0.8116088523519283,0.6404831626820415,0.8217877877902539
193195,0.5967213357374591,0.7443181828489002,0.712384803808155,0.5338773879737655
325640,0.6447380099649757,0.7118403963986919,0.7451482666942217,0.8448237082510454
703269,0.5197108818046601,0.5669217200448347,0.7953279481580156,0.5820931599092845
445958,0.5580800598745294,0.6863269608024245,0.6495621349139966,0.747339986348949
750586,0.6878385735599294,0.8642363158840523,0.6798613249995714,0.7144341095180401
742673,0.6866102822300431,0.6647617226903721,0.589340141642236,0.6509529528484802
542389,0.5984674016665545,0.8545200243058916,0.5318317625420339,0.7618804140321448
766398,0.5332401132773115,0.6086094069808952,0.7303599432699536,0.9093110845484288
246651,0.7466977875894878,0.5888241325402176,0.6498409128120456,0.8666718243904419
847482,0.599397233911868,0.625050491963863,0.6687371055128472,0.704671619544565
848469,0.5644640271096037,0.7752316100186243,0.838443335198216,0.5878943736138235
368754,0.6125931904422185,0.723598025164766,0.6937083157149491,0.6019118460442602
225009,0.5234356909620729,0.5877997787960229,0.5217998793298314,0.5440925546736854
942532,0.7307540464647883,0.8379267455872813,0.7835931511860623,0.8035235094831643
560657,0.6995280014594655,0.7326351878062174,0.6021648956772416,0.7311593317819628
882939,0.7704439939440357,0.8116583179484244,0.6552055008559123,0.6729439037861957
960784,0.770130671860702,0.6232884072466849,0.6204381836229768,0.6394196164003529
883545,0.7103688968117445,0.5738116395368082,0.6546957967875257,0.7438185211719809
626883,0.8090764036490085,0.7488747944275043,0.7035423553886647,0.8268804686736625
239917,0.7458062465617484,0.663010216207491,0.6490230200963055,0.7369978183172243
376515,0.7394789447578922,0.7447746951030774,0.5537515560316852,0.7661350858215369
984678,0.6446260085642475,0.6966521239875406,0.46578518874475244,0.6126737226707337
606888,0.4257525252163599,0.8205075065612688,0.7647529154685822,0.7500219833229785
794486,0.5311769563558472,0.7657344176223807,0.5135141457026174,0.6724929372736121
859857,0.7536744033588832,0.6280567785849993,0.5250901459664837,0.8797260265943538
145419,0.6773290193636655,0.6208758836700949,0.6017240586893344,0.8264556420769651
582393,0.6169356804613765,0.6606872696157496,0.781241954171614,0.7667494587159149
608483,0.5680949196904787,0.7043262184753066,0.8406740686712919,0.7773322229867882
270269,0.8108144175923917,0.6263396257737026,0.5745705461409644,0.6668990221943305
700634,0.7041457521514692,0.5166519662994162,0.6020176593820791,0.5725682929026829
723573,0.6255681384833276,0.5964978593913699,0.8070526712072482,0.7359634692468461
891092,0.6441084475701122,0.7571604907753249,0.571083251808876,0.5973907666273476
805775,0.6563208736446228,0.9422028848869466,0.6857015504621835,0.7682446645767235
891930,0.7620538745808867,0.7145779714354566,0.7037249797161863,1.0
373069,0.7536883998704088,0.7878654913533528,0.8278244811613328,0.7027344534768759
142537,0.6790908020220877,0.7277327451086155,0.5177049016681373,0.8190335431090763
715531,0.7056851231232124,0.7917453005371963,0.9047907382144649,0.6351821387237029
539820,0.6671522772163954,0.7474222036145428,0.6262301957278621,0.7658820803238419
960168,0.5545045925807713,0.6737325884168598,0.6415234521152353,0.7695040612369686
901983,0.6506154615672922,0.5739894944544652,0.6831222475937981,0.6626583903179704
243838,0.6327948418234798,0.8445910646563477,0.5353425369380953,0.800904660289617
858198,0.5655923551471882,0.688593493543741,0.7173849294891534,0.6784731292646635
332057,0.42097577606600334,0.6581039413517455,0.6475085241066328,0.718801731724059
359108,0.5856494504918843,0.6947518292822572,0.6981828077428662,0.8247098348585713
806515,0.616290312494956,0.726570247607038,0.6794673008942199,0.7234449550085468
442950,0.6881591326599954,0.7403193018583827,0.6432553440011378,0.6490838121160982
310181,0.6480493115852808,0.7089174158145936,0.811317860589799,0.8443590740419595
982329,0.8924543358300654,0.6840809795900561,0.9242518239163906,0.6530107282293472
772288,0.7073074683870572,0.8160937423434264,0.7270158072025092,0.6789392926146551
197599,0.5341934490267656,0.7081135614764418,0.5974834271970022,0.7213299252703487
594403,0.7182391029016703,0.7163702766143325,0.6601256910176226,0.7869554911764894
958338,0.5150649176397671,0.846478252098766,0.6815338635434895,0.7062382379464162
304849,0.5189581001988879,0.7853426785242369,0.5564975923323716,0.6872562489319113
332189,0.5990113879134893,0.8891690999014982,0.7315267922522626,0.6901486619549768
959122,0.5472292682282899,0.7079624468426174,0.7390744148137799,0.6543784248211182
524726,0.7889563803927606,0.706522301241932,0.620049739352939,0.792137374190532
217105,0.593382503571644,0.6321171664197468,0.6977756030040391,0.7128939658818035
466940,0.5563505717646204,0.5352095273495451,0.7791327477792298,0.8379682766752887
286919,0.6899649277815002,0.7807178161001296,0.7178768274011069,0.7828030759068371
464366,0.58450217461643,0.7745657758980291,0.6754184223295394,0.6250443660150995
866257,0.4866486295409038,0.7640466128825548,0.6824177341428418,0.705833417236938
918807,0.5814022081885705,0.5402824320676866,0.6985461174083009,0.7955501074397353
702347,0.5780454183063655,0.6504610479302578,0.6671750642978234,0.600662003577474
329091,0.6164464581332741,0.8756532720733093,0.7624538230849828,0.6179197993018397
718191,0.6260812968308845,0.6131078707396072,0.6783717272588639,0.822985110793841
563052,0.8040434363963179,0.8939824456161858,0.7554026492063561,0.8173516522460046
169397,0.7789445132170103,0.6061011995066791,0.5391053340764492,0.7979371800548827
539725,0.46941628849848693,0.6343036764317574,0.4706210013512986,0.682877961292112
628668,0.6207040432936558,0.6741396548969206,0.5541806686577657,0.8787015643425605
304850,0.61331198021698,0.8046651471347847,0.7860796892394599,0.7467033619871877
716509,0.5935984910077452,0.7066176245848558,0.7836047176087535,0.7433759306930364
620456,0.555811465241806,0.6126943343500271,0.7826616874850298,0.6747604453934613
968810,0.7781179849421831,0.6610516958166892,0.6926056982072714,0.7357926912641234
880473,0.4671056049876683,0.6551235567476366,0.6836966947320364,0.7505345274686145
498067,0.6795943702907646,0.8006870361604563,0.6124548096011373,0.6723872973354352
898189,0.6924122327514282,0.46940210082635614,0.7830243831260887,0.7864235885407148
223412,0.6763649143053893,0.7802546189370257,0.7509596037351051,0.7841568591114871
545952,0.49506713388721024,0.6278240377786435,0.8101281592379957,0.7180672129543331
199234,0.8613097346509007,0.7498367577332902,0.6639693861668304,0.7309141642961143
363227,0.5643311634588899,0.8115225639081025,0.5635954253276392,0.7294571261625954
894429,0.7292063321744374,0.6894556806096389,0.7217477630097311,0.6639214028052046
597505,0.3733860543419347,0.36006561836184314,0.7663197323137586,0.7769603529660825
924543,0.5804305986634939,0.7979220887189596,0.6895376593576439,0.7776331334592025
927372,0.6362712237791576,0.7475647785197056,0.6950444356604455,0.6753586532385552
346238,0.7774628422311208,0.8240863534890243,0.638751846075996,0.6314221022400177
531175,0.9097474432251169,0.618636258460217,0.559010909263406,0.7378630162757207
633917,0.5787607956346444,0.7054648825655723,0.4388568327232494,0.6941685822777945
573360,0.7400353907092327,0.7911634585318603,0.6488180375595578,0.8786464892462436
102023,0.6234317950674684,0.7000272459584813,0.702311409804323,0.7500741970544735
630171,0.4447525328865586,0.6274740725324245,0.6290564596160458,0.771083754205151
215883,0.7398580894255333,0.679686059584208,0.6146666452263602,0.5333505241763824
211282,0.7282479516691492,0.801467394859333,0.5922319952133298,0.7823254086053398
938941,0.5719779762336735,0.6303586744197576,0.8216411077396866,0.694497738308884
145270,0.7953120946599528,0.7069025425639464,0.6889546773918218,0.7644421093545589
923809,0.7034456509286776,0.6700104637512654,0.5613408662368157,0.7408939856340976
351676,0.7057863455550604,0.9425080561586041,0.4853884008198368,0.7301808087894449
309143,0.6441849593263079,0.8243082835614931,0.6828167051948879,0.7840030531133928
278450,0.41371952538032575,0.61002736514767,0.6590813096336757,0.6077829310926978
716300,0.7521531927752994,0.6675321720728604,0.82317878308915,0.6375271805848718
545759,0.6828133230364842,0.6383625714148332,0.8121899762325038,0.5887324147815733
120400,0.4734072048545762,0.6424509902045723,0.6945962560903567,0.5452541670794528
730556,0.5754971772752479,0.6965537270651371,0.8167606398605103,0.6141437986828259
945168,0.4819901345487919,0.6985035195056335,0.6228485385450612,0.7739041984100999
943393,0.6202729392900689,0.9078293758720667,0.62519183421867,0.7205241548651362
510987,0.7692113301935107,0.581854004776324,0.6576579189881046,0.8373159282269258
113126,0.675125089443929,0.7365575943980308,0.7767383271929785,0.5983868326229235
992416,0.5698396245226415,0.7977326767600681,0.6406443701934191,0.7160765410993576
550379,0.745526399360985,0.7052730711379918,0.7065444788628016,0.6450607588431848
106403,0.5083225769107884,0.6707183140653941,0.38740357410193227,0.7366718475589051
425661,0.6204975712797313,0.6413246989419412,0.6546907268165553,0.8165667461076489
142347,0.630387366485287,0.6743934251675038,0.6312964151920208,0.7333209352099905
966334,0.754888952372384,0.7990593694143633,0.5980873595664927,0.855245833882875
517213,0.6871305849438275,0.8497357509632748,0.6729847985379585,0.8239068666603333
712216,0.7396407222829905,0.8384721470586303,0.8573933416536352,0.47073077852423073
865307,0.7970113541734545,0.5736511397176592,0.8669765195073078,0.7665701105178244
107171,0.6751725777235347,0.5231286571948557,0.6286322487577694,0.5396826839508639
206328,0.6530917960628729,0.6484198017824166,0.8383786556504116,0.923648210761348
327694,0.5995872963194595,0.6929194112889133,0.564806860057631,0.7136288216968911
137895,0.5736824937315714,0.5429398034183457,0.8521485062152294,0.5621872896176761
950421,0.537170129260525,0.5583424352625926,0.7835486537054807,0.6040304381672765
681576,0.6660146542151901,0.7055665464386744,0.7176518175771066,0.6819017699459333
860481,0.6118610362772343,0.57552764484584,0.5978694545826421,0.7650370428426355
565165,0.7169717796311535,0.790221023344728,0.6695936770092079,0.782566384572163
809235,0.6326434023524583,0.5995361754097168,0.5325032843460374,0.7137192530607411
859253,0.6411594646019878,0.7162654811178975,0.7337014998712224,0.5827577140095845
631998,0.6956660555914749,0.8298188597997512,0.7435192304618127,0.6848100675284201
326547,0.8533413220274315,0.6873085095117537,0.8214586118595872,0.8300806057919422
423125,0.6904983512332792,0.6647672253335918,0.6856862883766052,0.5412108623725466
724414,0.6081809442770298,0.9760613767867699,0.7380859373348849,0.5037769417317188
679337,0.861606714035253,0.6153279320647487,0.516581954588388,0.8217611351767167
185131,0.5780284802279054,0.6706226411413976,0.7039009381777299,0.7446718508230903
492774,0.7901844357681723,0.7826154847042447,0.6432006766181405,0.7553937256677064
725418,0.6906486885414369,0.7402982597728657,0.6739679942644793,0.8419131683157564
573022,0.5778186313150377,0.7046664053722798,0.6794641158630087,0.5979860932568826
467418,0.6234892785254412,0.7323923020779137,0.625858963737896,0.6540839293467284
660209,0.6616155005637826,0.7061159785232088,0.8153182404426557,0.7032996426731914
616728,0.5976395672872329,0.6788678189701044,0.7802061409982837,0.9734029996795526
231918,0.5917026788925319,0.6061684987477692,0.6586336454387293,0.5949158234364972
656919,0.619731018406014,0.6179996756175131,0.845719417608923,0.721901685431089
831142,0.7206391041954469,0.6965452898530148,0.6115561251404155,0.7348914228139571
781385,0.7048806655036559,0.5562686320872728,0.6291856027071832,0.5732259641238634
101688,0.48214607811362664,0.6536727887318617,0.7792861408469562,0.7620023117570942
489801,0.7043935144042212,0.6093679054599821,0.6292378831715256,0.5534060747142705
733490,0.6487242546738395,0.5136250787093556,0.6980959111385191,0.799640602721175
886180,0.8402971797382428,0.7625340573282462,0.6619586736815907,0.7589796878175843
215714,0.731599733041502,0.7441223027835034,0.4701255061037042,0.9359858921154147
731612,0.41871660980135483,0.6362884991373756,0.5409294546512267,0.7219890806488878
350668,0.6350608663327917,0.6811359021380443,0.6800327718914936,0.7413833968092982
278072,0.7462017278157755,0.5609643364292475,0.5900033224818865,0.7572645841688677
267090,0.7475916641163827,0.6897718350705858,0.7309080828391242,0.84641571254283
839134,0.6395728517246013,0.7748366023744551,0.7565754070987114,0.913769740338587
921341,0.6491480299570828,0.7581133127683599,0.8245437163272812,0.6371496163596866
186222,0.6345051733415602,0.6157645614329244,0.6343203406522426,0.7853901447748766
102106,0.693996886005768,0.674473917541169,0.622936415071287,0.6555595893026798
263426,0.7313096203509679,0.6189579495709442,0.6870052114310928,0.7125321749709292
312414,0.7233728269609102,0.7254840827616705,0.6783560838697925,0.807774812299755
812713,0.8336860718660605,0.7077185205955646,0.5332843707182613,0.7015301396917847
362339,0.7241043945367202,0.7575342468631588,0.7203219930739374,0.7981464575190192
342889,0.5317107376967661,0.6031725611671922,0.8067364716852214,0.595170646611558
748756,0.6391423394551592,0.7606583660868617,0.6796863009330976,0.7870376368039099
738327,0.6381750476909355,0.5463910668843317,0.9179987535538673,0.5775335858806925
991109,0.617993121602019,0.5783677035518878,0.6472052147010966,0.7808483031407503
975413,0.6589221065917136,0.8395220376446745,0.735900703274991,0.7310009674292319
783804,0.6928979503245599,0.6518051463732557,0.8182286236216336,0.7181869920098185
130676,0.6542347138592034,0.7343248484903078,0.7568906839259374,0.6221774833383088
932942,0.6579658815238318,0.807311013858942,0.6030893194302014,0.8358746141499673
703047,0.7487548973644441,0.7118077440084887,0.7342324223913387,0.7348974946068225
599038,0.5125332460905212,0.669027553732223,0.7653880370307709,0.675889925052303
918904,0.5383638195543174,0.6103965540339025,0.6340365711222884,0.7301404485458768
313071,0.5990348747371731,0.731956863029264,0.8013533041550718,0.8459606337229896
882208,0.7972258644974101,0.7170527148003192,0.7728056831812266,0.7750095566291341
206043,0.8087066426385541,0.6456815796848672,0.5196147965081392,0.8297857672113595
870797,0.6949946820746864,0.541425619645567,0.6268719774352869,0.6251518877403661
534660,0.5292329966620296,0.7936494030125769,0.7105678851021611,0.6365354140415408
650695,0.6826295633392948,0.6359332760178857,0.6798952665271507,0.8279045793860376
829002,0.6980469921476846,0.8745797411019927,0.6825672108292247,0.7555059290483531
464362,0.5424103110489419,0.6889417710886736,0.6859651636175046,0.740153553203604
110773,0.8176902867928215,0.5750062909677861,0.7296108128931664,0.3916110808154225
985973,0.5819767161198965,0.7894175579183691,0.7529871021153415,0.6646290880645044
965973,0.6711495909330027,0.5540405424196821,0.6133891992282758,1.0
844547,0.7062217511448258,0.7130647073459735,0.7058089446470632,0.5755457281426738
278745,0.6934039244373336,0.8316881254516884,0.6438811630398714,0.5364768765890661
304408,0.5773775429747376,0.61500718176206,0.6152416372326057,0.6900562705470947
389547,0.47815995696554203,0.8287923786433598,0.48037985859701293,0.7723753785184165
109347,0.5688771332239067,0.7306825149735643,0.8432192029401223,0.6930517567932575
907196,0.6520629458651709,0.7437609501734527,0.6643641446482335,0.8175760967507564
969466,0.7910421864859161,0.5823018766268089,0.7057777353876377,0.5355590823473884
991288,0.6153916766671892,0.6166253579014149,0.8111378490096655,0.7178029097583076
321588,0.5669651712586461,0.6191714497772041,0.37542085679326265,0.8768738341089625
487532,0.796119326268151,0.5410665720892743,0.7125836660371081,0.9631866724369912
413424,0.7697645101023379,0.5783045651197374,0.7154976369007233,0.6550951615371307
568764,0.5303230591184958,0.598201960424986,0.743181319711819,0.8837633309438232
177411,0.5459514198953285,0.6253965335243731,0.6300012206655057,0.6649157344803456
192141,0.6718404850139462,0.7047582047010517,0.5725301515937007,0.8547271224068064
857288,0.4040097637442806,0.7068744565899919,0.5668560215165304,0.8097569595599722
405344,0.5923077353080007,0.6767272691341031,0.9496702855626331,0.6204033563487376
394899,0.5898825628491221,0.6188775498723487,0.6600801427077667,0.8025261371677399
617300,0.7257734472921716,0.8110185274393579,0.4286141146734471,0.73770895540403
533753,0.6183731796112771,0.8700549323907376,0.8891353903169544,0.6254700909192182
204417,0.7277064559630639,0.5327980763978483,0.45987578729899514,0.7457824989628986
813261,0.6979184792504778,0.54081854123781,0.46636731529922626,0.6298319312171576
974651,0.6746743342087321,0.5811306787062713,0.567678618718527,0.6485437577298567
183571,0.6206809230164836,0.8132903931805241,0.730806188394515,0.5869298033145927
717805,0.5510417201654373,0.7712437679704884,0.6250213745422775,0.5980936274317652
346636,0.6503114898336079,0.5913014229096953,0.8062946058100344,0.7765151336145505
449192,0.5259458899830023,0.8114657951991269,0.6944853936865096,0.7167316814457421
258311,0.6922388124201893,0.7221122053291451,0.9568961534504117,0.7259402278152819
768390,0.6881408028974427,0.8010553185258655,0.7017242790664368,0.7607020903785844
918901,0.6071716998402233,0.6156760970536201,0.5544979265171764,0.737392541364799
496915,0.8007854198662445,0.6097473399123737,0.7475779402111595,0.7559146037111191
802344,0.8877543711089393,0.6152867328474441,0.7233811258462881,0.5375957100192871
662879,0.6344657003900654,0.8041908152751844,0.8089257672613004,0.8045958286195636
576134,0.7078406067778651,0.6541330647662282,0.6451205408625247,0.5683003355464871
273042,0.69587171573173,0.6842851206182313,0.5713184072756429,0.8228643932307549
618056,0.4955572219963266,0.7910042400061159,0.7565594722983292,0.8857766297385246
544582,0.6353456249197283,0.7661853456599461,0.7552789832811818,0.7619694211668617
912442,0.5889602237690771,0.9099117190196871,0.4788895336019733,0.7781203228965179
279414,0.5792235719940866,0.6660242451920058,0.6735430613491807,0.8027008524609514
528226,0.7643276771850636,0.7143432237118216,0.8139744623186834,0.6209116460810694
245284,0.5837560073783586,0.8122331612548236,0.7737146458368266,0.5826384458822809
218381,0.6884700323297744,0.7551308789427056,0.639717357583818,0.7580660142393586
770348,0.6645615827781199,0.5905534651127005,0.6042589840881394,0.7359196019109998
861689,0.5095656885504528,0.789846253092247,0.727980660956318,0.621568848713083
262641,0.662238081880776,0.6588779829689022,0.5176030925740848,0.7882655053135094
222328,0.5170414481653705,0.715964497450081,0.7229985842646749,0.7507972262266338
985037,0.7337174984964311,0.7422517536185101,0.6155981310331197,0.7655778049106607
654523,0.6519814251680219,0.7048421829269753,0.6886867079988651,0.8940672278733955
510893,0.7483878008583855,0.7220968606743902,0.7819357311758042,0.5888288774337677
132874,0.7481364347601647,0.6843367747398449,0.5092703062017624,0.7996790146955105
481010,0.5733930280665401,0.6424864698140123,0.6498281699630379,0.7041328556245571
434764,0.7214805574158748,0.519268850873443,0.7405374461827524,0.7763533129885621
843873,0.6946531689586366,0.7143689712616293,0.6318484701070839,0.7692513014873568
408448,0.5426933692537477,0.6947865524714686,0.6718000702309944,0.7955666435682046
545031,0.6461466531599894,0.5270638098987709,0.6149566625972485,0.757834381965155
553059,0.7108437094832697,0.5601291913976266,0.5727930735851771,0.8427022150609554
339643,0.5002905662588103,0.6666084355774876,0.5587664717627818,0.7297064538503429
977008,0.6400616484114018,0.8734329434104167,0.9358233549183048,0.7702757396781199
266813,0.5041698240573842,0.6788368818118442,0.8144158185326679,0.8187189126457691
531554,0.7045486135444705,0.6282323703515942,0.7867806706910624,0.6126763379169105
846270,0.558839683871109,0.583790771203536,0.6938064072959013,0.8659881222711503
792623,0.8154850285063195,0.7325531396319006,0.7482303359360067,0.5980346928563965
939566,0.6263268813665639,0.8228825427367588,0.6040521325781288,0.6404215109316259
267355,0.608534579564232,0.5720125076859354,0.6041519081798568,0.6779862290245485
194595,0.6659084908961218,0.8059894299780777,0.6408628535663474,0.9723068493012266
251434,0.750920730645738,0.7493233937277943,0.6464624170425632,0.7370148311113044
266711,0.5589804952899716,0.6249257027439993,0.9167325980333011,0.8845053874068854
785346,0.524325368802084,0.7891340586377248,0.6698658379326299,0.7740660511778992
298585,0.5189662921816693,1.0,0.9074128218526262,0.8694112721397811
447566,0.6878581479528598,0.6837583572073516,0.6549665051392988,0.3922124314911051
454569,0.5718868689888081,0.7348877104224927,0.5813170916532525,0.5914051680838462
791592,0.7839846267482147,0.7831899344566294,0.5653261008703732,0.6020318698155152
865712,0.6177896881497631,0.6349224530096506,0.6603754467961567,0.7433696395412892
152017,0.6569174492616442,0.6614376355480898,0.7065843914368264,0.3844480156773167
607556,0.7421294255920682,0.70980553090478,0.6818177091232117,0.7588835155837129
855845,0.6277500633534648,0.42576755756827717,0.7159383965609311,0.6560804002575241
106059,0.7316484172115679,0.6933128881389538,0.688047285837512,0.7706654542257749
553606,0.6240340078610644,0.6772720904380231,0.6104455824592308,0.701736471072883
149433,0.5333489334584596,0.7830540655888639,0.6109126251170844,0.8764088522229223
150555,0.569285699157797,0.7703891686250561,0.6431947878431633,0.70004363431384
369304,0.8110051753465941,0.7468028484336773,0.626772903895129,0.7517420338118188
531846,0.7001110552169019,0.9729052467259771,0.6052310586809228,0.8310720388670719
276171,0.5538900936604754,0.5221247297928379,0.5760004227742366,0.5398720518444711
492493,0.6494876747445245,0.6696350603384107,0.8202491740403012,0.7489183796071133
549361,0.5771551009589689,0.7039064005902348,0.5478925576237486,0.7746691697288616
596587,0.7151838362968732,0.5786586699665979,0.8131430581299953,0.764931051827216
737012,0.5371907644764555,0.8358361079540856,0.6388086717146785,0.6545865584261366
854133,0.6189092208256592,0.8121147669900969,0.7180067441967983,0.684979269932847
742541,0.6608129903821556,0.8974014366324866,0.7229554165986695,0.665081542166621
440795,0.5280716854938913,0.6692553894375197,0.632827130101376,0.7623020444305155
784246,0.6623504332843809,0.6760242556598062,0.5760497522552024,0.6604585242926952
756916,0.5539277830751237,0.7974930679483957,0.8837010815845732,0.571088567621068
385804,0.6694524590582799,0.5700809865200928,0.7284640507234772,0.6868195834545106
767655,0.5526757080995797,0.7183166622037238,0.5946855333069038,0.6642488479647597
481874,0.7058890882039192,0.6604358662208171,0.6312019275857617,0.557142411232012
918605,0.5288170958412831,0.8380108453490186,0.713878701183487,0.7549690538246507
255538,0.6311629267003579,0.834942493624645,0.5702151657932844,0.6119177365026964
764417,0.5634893326075612,0.7393556936810505,0.7743777245877864,0.5738660469560081
270886,0.6713813626021103,0.7086125529066517,0.5852226833856822,0.608915349934878
508476,0.6109115097181247,0.743844082976489,0.6482252758057425,0.8555214801421487
385089,0.6181960864706537,0.6898372803974285,0.700231666332555,0.7272223790995558
289061,0.6889199848066566,0.7370916812889242,0.5984003745666805,0.6970823501178008
465595,0.6128573179817833,0.6136197988888252,0.6669522712688511,0.6683793405122411
951149,0.5795384642344197,0.7050554229863238,0.6469624298575372,0.6658371958171596
478894,0.7275527003658451,0.6098081108906679,0.6951660762140274,0.8300134039791027
896180,0.5335417264264326,0.7697078096054566,0.6826793077314679,0.8002902001445986
609870,0.6345177653249315,0.7409968087908072,0.6360807349043875,0.6094303033183583
267626,0.5113812919887414,0.8398065022027119,0.816277216458362,0.595083357267628
778853,0.6618168519256346,0.7176379299926808,0.7485771581979328,0.8190133990736843
957476,0.6110990539900593,0.6318571536993054,0.8274542668208549,0.625843398254269
409228,0.7794932873421301,0.6956171632133478,0.7276643979943395,0.7023055117343264
666258,0.6553984745978204,0.7816564775980387,0.5847854389300606,0.7498932158369891
756144,0.5593575549620167,0.8885069725326811,0.7694074288452228,0.7837498398725274
127073,0.6195889961644789,0.7714343330723072,0.628377524368498,0.7731736009373206
869221,0.7354714863004388,0.8364503805102341,0.598231601966677,0.7590860797745631
156059,0.617849415110871,0.5262890189983405,0.6087462020579966,0.6019667603232324
194184,0.7274080895752776,0.6169398736954206,0.598141076149616,0.673702506832107
800558,0.5565818451228643,0.4457561382234847,0.47716675787295615,0.7324654383669664
237268,0.46944651217181044,0.619073694032201,0.7514357454415155,0.7004563636932749
289311,0.7811598616093361,0.5884213578807225,0.7049048356844182,0.7951148262467236
353168,0.7392547999195189,0.778736555930413,0.6658988528779701,0.7358970218908594
642047,0.7171963753689256,0.8030173073380753,0.5639999927572177,0.7963033575956214
210200,0.7477858200997184,0.6998489805493476,0.7588385823683756,0.7470439607880314
124876,0.5495678609647324,0.522002044102342,0.7691750958586382,0.7993856404722058
294470,0.7759698729939637,0.6356074060984882,0.7753452192083701,0.8421201751415642
233335,0.7295656235517868,0.6936760762374864,0.5441925773403367,0.815625671436213
874299,0.6064645679866475,0.7587574670794239,0.4553708054413953,0.593437014454005
589266,0.5222618870293467,0.6748971793296441,0.7014039371842661,0.7513095479714103
663869,0.6858122021471725,0.7591492424040636,0.5799248660451299,0.7248803225419227
173743,0.6850161061803898,0.6193776820016756,0.7497424025183619,0.7105061475601114
627699,0.6304466040752799,0.6124431114309333,0.8322249531251207,0.8030361088423267
259486,0.5643368097460075,0.8721748353293797,0.9100219874625192,0.6615805718743794
912674,0.4319478780572117,0.6855526930778307,0.6466687050947305,0.6608035614834009
142263,0.8148520503904128,0.7063112238593152,0.8425569535656199,0.6586466510315818
920879,0.4871277332630288,0.6915820645512868,0.6418626159629145,0.7797117942831079
215560,0.608874329313191,0.6016555750339712,0.8165203143799187,0.8322562660613577
846102,0.4468095481830029,0.6502283160268792,0.6592845559151698,0.6294312550955863
933473,0.5389541237483283,0.5582259665818387,0.7246533050624119,0.9267839558277347
126133,0.5937151519551704,0.761051709272254,0.7035524555275696,0.6388884937184465
921402,0.6099738315222958,0.6931434705004382,0.7293960970442611,0.7522129067273274
620065,0.7607878968484573,0.8597037140201063,0.5056068087860024,0.5478806474199701
171166,0.6761355499075065,0.610692682821406,0.6207536796565224,0.6969493268250708
666122,0.8259789595719336,0.7282257623592202,0.8097619685306995,0.6466692979286869
812521,0.7728185166345981,0.734145132130991,0.7570388845217011,0.6126776912648431
742901,0.6245435393182337,0.562251006078085,0.5259392723394141,0.7517277054675954
290240,0.6935875814131429,0.7031908194417649,0.7785240857585902,0.7171385927791206
961608,0.6251939512891003,0.6316717737778726,0.6092996351779585,0.6858935832049293
209934,0.5721097117856593,0.4778985544634645,0.5624652965243828,0.6871378484984844
776024,0.7712437739711073,0.7496414814235433,0.5691841243431586,0.7825400901115818
232124,0.5493636805663675,0.6451261875244403,0.6366716737301924,0.6535792375427345
659864,0.4738541704511717,0.8627990257851698,0.6322607435355132,0.7017612977924905
104547,0.7334865739546684,0.6503739114230058,0.5694417386146082,0.6972817568454044
629083,0.7105409009187271,0.787619715174698,0.5841753023735018,0.6230932286223825
287711,0.6568864012407157,0.5155936457935555,0.7124243910807827,0.6921434238115844
994006,0.7317979106280094,0.6851261666946742,0.550279254308901,0.6792527947477401
737292,0.745946222455895,0.686628903778238,0.6387351990725741,0.6427524211481934
715861,0.7993001436902963,0.6576761600069164,0.8638292611929898,0.7265226580469799
752931,0.7427384170705804,0.7263664271057589,0.8510223745819485,0.7031841547755527
557185,0.7775029819675934,0.6884124777312893,0.7371399027623732,0.7022440912779945
499339,0.41540727336478944,0.627045945961512,0.5697963271252726,0.6487238729157389
423328,0.6797276929631295,0.7317695258247978,0.6776113878005143,0.56138370009222
570417,0.5288084026016824,0.5522214560247432,0.810120687345346,0.7509161927201362
654375,0.6580298681136092,0.8297591492473815,0.6558046362657534,0.6608937049451402
515674,0.7721966024330683,0.8765030501291631,0.29963573002991456,1.0
526957,0.39209670316165196,0.7199897044989401,0.5783126474603594,0.810016587530135
934213,0.39154994595451303,0.5331447205675509,0.7375436934083597,0.7499566434831086
393507,0.5136105189802863,0.7973239122449666,0.6742090378177668,0.8589892511794525
386818,0.6617306120780296,0.6173530463680047,0.4604999909292099,0.6171002283141921
636112,0.5104273835032029,0.6701970618640822,0.6121760166555904,0.8861322101414678
416452,0.6214962311280895,0.5098769231546585,0.6077164631013446,0.6376783960852018
483147,0.7006761136500287,0.681438537901712,0.6892530462458174,0.803078188682932
477408,0.5431930634333961,0.7745530217363962,0.7322277403512163,0.7387094585622506
251262,0.9115781836038406,0.5855039488696412,0.5490083012222832,0.8490645427229359
822610,0.6163641706638403,0.5273860946471388,0.7776569414753264,0.8160579993041615
709483,0.5968051128504298,0.7307305116776207,0.6645905534939988,0.6720869988481956
274094,0.5277129232914519,0.6087197738177068,0.7554049925182693,0.8319091773058518
803050,0.5977835145227542,0.6524857336989196,0.7651888800401491,0.7880432851145214
311051,0.8723136106888437,0.7234665951641663,0.665374073457386,0.7616696006385374
878904,0.6668327989910559,0.6963121948886678,0.862620203920735,0.8048750789339574
479622,0.6667155407223483,0.5924952779812785,0.7314658217912892,0.804081086362118
728511,0.658705880329797,0.7448233862090086,0.790514906458591,0.7408214237447579
827483,0.6678230872434254,0.6861084350333515,0.6356413135856945,0.5320789894881454
759515,0.638580377120111,0.8279264773485131,0.7382653201283579,0.778642470265118
227598,0.7084441319525177,0.7138496108798207,0.767948836255086,0.6562059723199797
897291,0.5893401463096274,0.796909863520386,0.6360012928968598,0.48988843238879576
562945,0.5765147331980809,0.6722148264069115,0.7783282628186997,0.6477238210613084
407063,0.5507867430799522,0.624739552979578,0.7270320719615804,0.8292464758236342
987040,0.5132996701454845,0.6970543804955323,0.7112835820891376,0.6558051369501161
439154,0.8123349212651152,0.7050684918361412,0.5609148581242751,0.7899535437057077
336817,0.5141644312731364,0.5936891666815138,0.7842349232928354,0.7249037026580148
877973,0.6211884239029516,0.6858087883707498,0.6158819902982512,0.6692715144577415
350194,0.5426617421076193,0.6433238176826486,0.5152087983552309,0.8782478703119928
787306,0.6638536582088842,0.6665670535785181,0.7425914578994336,0.789791226073024
713497,0.6669928595547341,0.579424011613304,0.8467719566020351,0.740683609460949
803644,0.5209965938537364,0.5911516006620035,0.7079848870680042,0.7563942246621652
717635,0.5662408584486365,0.6365950022417405,0.7730091308026077,0.8988103529088344
411524,0.7879503108250283,0.7214462991008905,0.6301734994967123,0.8471616205435253
348820,0.5926995395550517,0.6450799278410055,0.6578638155709853,0.5699321398780678
698248,0.6525988002553446,0.5151173934213561,0.7094932068014543,0.6645687816685056
156042,0.5120637837712536,0.8515997536977763,0.570856892171196,0.6824377953765738
389060,0.5906485225066763,0.688032960314798,0.7830682424241591,0.6008442135854553
432284,0.5835911857082741,0.5506099843345365,0.5505156605370104,0.6129981868884096
453806,0.46371141743850214,0.6458013955524553,0.5897499549659209,0.6877038968928073
113123,0.8345439238304159,0.7091604371905824,0.8134187107034913,0.7423222565098347
260918,0.6381587251979268,0.7960131287619053,0.7303285228291481,0.7495369259899602
827295,0.4345155858008787,0.7597051236004404,0.6523487890133035,0.708616783089559
736679,0.5223501646022758,0.6574466400961917,0.6343953624830222,0.8638244771377896
547976,0.542617071841166,0.6334938985524056,0.7312073360710648,0.7589683509228358
797677,0.7593518429844263,0.7936017887396856,0.5811380094342108,0.9454093707628729
372352,0.538493401010638,0.8232357498221121,0.5598558345463797,0.49375931205441786
412756,0.6893900126508061,0.8314591824460131,0.6210314139568812,0.6187975729419832
227954,0.7857721142742402,0.6833339146821796,0.7658124791836451,0.5972357211446716
325360,0.5447907086368887,0.7243134678031329,0.5496276430484286,0.7394254043256213
941801,0.554632866675691,0.732436228774184,0.6196254090533274,0.7151700038869662
318557,0.6970514434656301,0.853504772474831,0.6038686621612807,0.5439083508337771
484415,0.6186700487223483,0.8137484443712065,0.7273582619190357,0.7567992265120282
697476,0.6763348190499681,0.8095527857364044,0.5389132874223302,0.7350840946773226
847602,0.6304505822250416,0.7572009795972781,0.6691760966515669,0.4822888469441925
764907,0.5032452383996182,0.7128835463691552,0.7852069330486713,0.8049701823731317
807261,0.6177739043432616,0.7717207477053798,0.7159672024236513,0.8431491630619884
360358,0.7707999153676321,0.814973463884617,0.7045168058724931,0.6521881198893618
642494,0.711650817903464,0.8146005398711661,0.675928566151644,0.6827555224846825
257777,0.7180765599619876,0.7439417761135957,0.7002639456341674,0.6606517587179144
862392,0.7248686402914402,0.763261107687163,0.746263293778975,0.6390124956398591
182858,0.650737112244576,0.7515239011712861,0.6366196036301851,0.7191550765170914
910706,0.6790699888204033,0.6028705440659594,0.6811145474386658,0.6553487775013912
898248,0.4855405125421946,0.5643419697118008,0.5644675993227231,0.6828025640505753
544877,0.6354380534551323,0.6072200438276719,0.7201371974259759,0.789860197242948
834273,0.4361942658486665,0.5768384470452518,0.79077197851149,0.884886304914891
614646,0.7431820587276803,0.7280878509063116,0.6534530135272082,0.6818858524716562
404427,0.7904819882327736,0.7510490068684418,0.6995804487733169,0.7247788946716553
948424,0.7419738622804459,0.7282966864360092,0.7566571439264027,0.8233530995885063
261815,0.5304720457546186,0.6870450454496856,0.7383706184236434,0.8048893903645198
743901,0.7357113867250953,0.6897947428998834,0.6575919028843986,0.9176198048745643
822924,0.5678456354859605,0.718099450429592,0.6403392995973067,0.5977894415072662
210779,0.7077056400012834,0.6955816929734262,0.7337437867246028,0.5619358444953103
884309,0.4810673600948808,0.6573546785067639,0.6901132813504849,0.49055886770110474
637008,0.6782002631631727,0.7305760808136244,0.7146918675946408,0.9808523334179429
525350,0.7236309152022877,0.5291592433111322,0.5743082690149649,0.5777743434256819
620638,0.5877777474282695,0.7795692501116385,0.7092186318250416,0.6244544128757503
856108,0.6170692806365304,0.6556557299176144,0.601866212450831,0.8229866615996668
789354,0.6963396646897196,0.7205038265934068,0.6035175027026191,0.7300247550056495
846901,0.714428841502495,0.7908115794482118,0.5753526271611504,0.8326473259196608
151519,0.5672569583178211,0.5949509823022028,0.5256315512178863,0.7568188575472923
910789,0.6678425107406647,0.6894097752555682,0.6941750167293502,0.8449454000216736
737360,0.7009136277003567,0.5846519857388796,0.5301291081697076,0.7735222923317342
794585,0.6511512201749714,0.671748481771038,0.6784369725904661,0.7105381199299255
542007,0.5275706208926338,0.6702173216648954,0.7619468746573198,0.779232922734868
301566,0.6114741302590486,0.7074863595163546,0.6439609645086153,0.7588052130480036
755714,0.6930424312071732,0.7700852639703502,0.5867863813752336,0.8061535799623296
632737,0.6109646930604863,0.8102331299450609,0.788095470807729,0.7176250949781118
152304,0.5331136969343255,0.7682194478847918,0.4955761332304418,0.6485777298185251
414522,0.7861586923446631,0.7341386702597781,0.6256560823019585,0.7552835517641474
914509,0.6026739822427287,0.5125088436457179,0.5637054512630123,0.5687509501007386
719707,0.7028231962281994,0.6008245845061277,0.7318598763294583,0.6428818511866423
871382,0.42792463460503594,0.7723516838774547,0.7143314140552675,0.7186497296148459
617763,0.6425808742155809,0.8127696574638754,0.7857518343628503,0.6160230233643218
278950,0.6132705570292254,0.8361802690225559,0.5063005901218677,0.731532981566074
120841,0.5154998194858805,0.7544380751757501,0.6561993804494575,0.6332610551279227
935794,0.7180984417135624,0.7937532816781109,0.7239143863367999,0.6445730415430525
815544,0.47888204099833653,0.604094691678394,0.5752286434055247,0.7642681263537564
858611,0.7862203592930146,0.5504804584833931,0.6352457378030313,0.5621619806322928
602443,0.5145612633490422,0.8537896146139237,0.5841146650970708,0.7304894112196397
155691,0.6201808309770533,0.6654933641664101,0.48437215584429993,0.664076591388968
866404,0.7373953269312032,0.7586862113036759,0.8172086288126761,0.8483882082708127
827082,0.6047429352053555,0.7676021093723361,0.6167069762659815,0.6465109127589477
206910,0.6893771833357661,0.7912213177298203,0.6986362858595926,0.7155879214998861
301091,0.6041637583495663,0.8555281911685683,0.6917660827373312,0.7095926317420059
287307,0.8013011212819243,0.592684817702089,0.5836888995717938,0.8127138804601601
653662,0.5745200380349572,0.5833838754242264,0.775172134673901,0.8390670743960491
371877,0.553286999125974,0.645683447260486,0.6314885038889658,0.6884808110540707
491813,0.5007902091678098,0.6348685496192625,0.6641274436956244,0.4983713258615292
451437,0.5190116906906809,0.7036323394293332,0.8006626672860448,0.7174850039804636
538319,0.5948254858477098,0.7149108425013319,0.7460675429397209,0.8596897134015443
556417,0.7046686783087689,0.6002805980808145,0.6311292947140886,0.8449431423130607
961935,0.8268484192342426,0.7515640484726844,0.6928373109202572,0.8731730801978037
804664,0.5360567750965,0.7771009800706448,0.7911476419732579,0.70571114371944
473801,0.6410321105665635,0.8247166721169393,0.6788500748391512,0.4996003174591622
322412,0.6704412422982946,0.7088043615112682,0.7127876960497224,0.7418377229018546
320881,0.5504904254552354,0.7364390366620985,0.5940835937826574,0.6961647505526882
598667,0.7578970655524169,0.6080226766580535,0.7200895732840418,0.7844583176530734
349075,0.673439861241209,0.6367820760858036,0.7179743570913487,0.6371563749836432
306886,0.6505984611275851,0.8109171874257144,0.7647082681517048,0.5067090880075119
251833,0.6270741624318759,0.6250466857241982,0.6172376197446818,0.8121517939658685
899875,0.5593791492169453,0.6443857135864561,0.8022358336066188,0.750514261992972
948373,0.6247891553023933,0.6587969934438157,0.7299328125411481,0.6450171196689759
932413,0.5890453620993554,0.6194143527048144,0.6126467285906696,0.7931960599324138
436994,0.5561005707366372,0.9488787900210064,0.8204085032241231,0.9211163123729406
955115,0.5771201460451092,0.620035291612111,0.7167015924841691,0.7489482395970091
504017,0.5722139378552166,0.7344558760479397,0.7823119124219514,0.5604438512328508
710563,0.7246450715461967,0.583670462974872,0.6075897040939479,0.8368026882984287
166029,0.5784847803819856,0.5092813551754122,0.4652142822186774,0.5241479806292944
574033,0.7191423397086989,0.6991157021528313,0.6134460214502697,0.7605067459353515
217702,0.6189498331028316,0.8083027139532747,0.8004612478531402,0.8330005641036127
555322,0.6392480230517796,0.9616875353338232,0.8649116633946179,0.7688488226779155
380733,0.6915656356559101,0.648522048706849,0.7542995634979142,0.7378919740862327
794297,0.6794523477785628,0.869791249742325,0.6916308173633904,0.7190662761577701
784939,0.5867371175760692,0.7642669945990583,0.6239701741929218,0.6752366716095382
835554,0.6850548864660243,0.5570405821071152,0.6332334466713565,0.6910394870004619
275133,0.7268915501439187,0.6254605944236323,0.5994451443378486,0.7120356113474267
406634,0.5877471891152453,0.5788712913063337,0.6904612441376202,0.6213014293737724
829874,0.6957757754440802,0.6546896764430931,0.6876218127075386,0.7649571497246535
427009,0.8400473766708038,0.7301708078242977,0.7857238451650157,0.8908775829060046
439951,0.6158491357203707,0.7547204529685593,0.4830826816004075,0.7076612724622976
100060,0.6921668423662292,0.7283347163916258,0.7269379141489601,0.5693809353360455
665342,0.762450194528761,0.6701986564245767,0.7333477682881844,0.8304003661268458
730705,0.8306741489789086,0.7832259287054917,0.6850091358622209,0.7032921458979253
837141,0.767736169126014,0.6342948307565288,0.9082740591099759,0.7844998578124931
510781,0.4568996040352924,0.7667912176300637,0.5227330158891339,0.8507151560863183
305669,0.6317599186435048,0.74584877628598,0.7595640497530859,0.7660186436483079
253760,0.6581744426076342,0.6516524174731753,0.6931838225484838,0.5065606675485199
169983,0.39068920980674676,0.5555552739982658,0.7614104010027845,0.7147653570508264
983557,0.7310948890439072,0.6205543868202372,0.5168121808278918,0.7293747676699532
253940,0.7776202088292073,0.6824918128963332,0.8060077349324365,0.8960127070726064
100667,0.6464853464574205,0.7542355704882785,0.6032020197665724,0.7702158258057459
833249,0.6656684580550978,0.7639568062690346,0.8141014888312292,0.7917534428010564
299732,0.5633859883239393,0.6971670030689637,0.6045852212163905,0.6601310837267939
244629,0.46058136332062205,0.702866070962689,0.7027145277803875,0.6967803842780326
115886,0.6387225518619052,0.6943863354169851,0.4549391471882346,0.6993032979611847
531428,0.6405199098942864,0.5876291206010021,0.8270304628605352,0.9031037488046809
516392,0.470227614552814,0.9547344636061532,0.6343181885567324,0.6841734200622329
375437,0.44132117871391846,0.5759496223857641,0.6645520285276322,0.7619005577942825
859423,0.7043660600170633,0.766049666332655,0.8790512364814889,0.7431563450123364
737353,0.8270637951304531,0.7768525686461503,0.6815596161015949,0.6193075786466286
378967,0.6441669772387556,0.7498472731104551,0.6763095686157473,0.4635630415647873
573010,0.669603123467602,0.7458693713825915,0.6419891449992821,0.6188648025932466
504586,0.6583452016652208,0.7085875140925995,0.6908811490326492,0.7072312212333351
579703,0.8366824595081607,0.7392121901433185,0.7106326783070599,0.6613114293072129
779402,0.6455793027864141,0.6707926743814195,0.7839233413501403,0.5247387013114835
567801,0.6166456656342457,0.6412126347161052,0.7703805719863008,0.786221722126963
335665,0.7303711193628069,0.7783505974017818,0.5389644659449836,0.7795613560183207
682861,0.5905334740090276,0.6882364010753268,0.6932311676542653,0.7140589448142936
953386,0.6575671706922585,0.6895877186541532,0.48165903214279826,0.8178883226092026
335153,0.5568978239557721,0.6663387928055111,0.6169179374351406,0.7933940667391581
517512,0.675792571035962,0.7780411402395855,0.6134667257716181,0.7510771931988156
222246,0.6631284941497494,0.727792350496962,0.7529507586201739,0.6998496910123979
355438,0.7898200661127779,0.5465725269089412,0.5905971494768192,0.855635867387137
725334,0.7811736486109487,0.7225904403843786,0.8340331161711356,0.8125355347463259
520461,0.7132298666809059,0.7582284453215562,0.7516570511176869,0.891775453095256
336377,0.6237676272979664,0.6905818630876421,0.7975259163324436,0.6976789743870845
358627,0.7051952119587448,0.8752206930659691,0.7133803056689776,0.6032806074692176
286486,0.5316526700551305,0.7675297012193718,0.8074224718454728,0.7803248199733054
568684,0.8358151967427087,0.7046281011517777,0.6077136016226611,0.5467767819083218
845092,0.5911416229430699,0.6973390781289271,0.6302824963805153,0.6630926460902187
986967,0.538074521754703,0.6850341924733527,0.7508614101046952,0.7294647959251735
597711,0.7728749608324923,0.5903704228795985,0.7745635346210604,0.7016858520494643
778621,0.766658383474729,0.7393683086525915,0.6679510358248015,0.6535966911293186
950096,0.666765886444603,0.6213121883777128,0.880921344561324,0.6522363732551599
533743,0.5215929350258007,0.7070972984751132,0.8483722816310829,0.7303820312554782
779182,0.622611985427067,0.7541554519618143,0.7642882609994217,0.7195772028167952
114618,0.6299497218914614,0.7375640627359179,0.4633003042232037,0.8040847890135971
678035,0.7086851880656269,0.709474418554441,0.7254271843886194,0.7127098941714677
471945,0.7557505749362182,0.8890062708687752,0.6208863460018267,0.7559601655652141
908622,0.5769646308668398,0.7308010142605805,0.573357819531778,0.7736118192147642
276268,0.6703060815693102,0.6252016060096359,0.609830252674282,0.9095048809195256
885361,0.5197149377411365,0.8409885417840709,0.7928197171914556,0.788429761657977
496913,0.5186174111277475,0.6138362815423986,0.709478226766777,0.5889038246740576
453881,0.591688439903937,0.6533343095544286,0.7354563485341605,0.8139075508536385
394360,0.6610179319573801,0.6871028217964843,0.9112957067178125,0.7277137606060864
352636,0.6950872774353141,0.727031804359891,0.6377564296761236,0.9163078494988195
506511,0.5886384028676512,0.6475340684474998,0.6592344018994437,0.7447276383242487
998168,0.552953039036991,0.6154270103458898,0.662888279277072,0.7005227018373711
831033,0.653967592322265,0.5771277592187828,0.6448851701535208,0.6638668589944352
180132,0.6745759236359843,0.7002199177581416,0.6850713370400605,0.8545937059532911
379523,0.672644091597676,0.7338395162975813,0.8149028447875932,0.7146458692727308
531607,0.6586324197376273,0.5484356731984672,0.5930528887433801,0.5240046691665772
339370,0.736366086468904,0.7700382844829202,0.6032534081353039,0.7482384880079269
301622,0.6097575586461884,0.7510415454785454,0.7555664582967135,0.6027079991712135
126909,0.6896857091783186,0.7087246742295262,0.862822469878584,0.9342246515256827
563979,0.5795041207233902,0.6894325302762114,0.5630520416696652,0.8316696054110335
645647,0.5339749680413922,0.5743567444508267,0.6594999576663686,0.6259892147666221
206781,0.8678802251020591,0.620249901993005,0.6434913763203953,0.6711905387656376
977660,0.6279338964362263,0.6547138995940477,0.6929523382087088,0.6495945081636473
264469,0.6515901673373176,0.6366610364753835,0.5474770751070934,0.7095480865745609
433152,0.6319853251170396,0.6305465887448348,0.6981431017707503,0.6884046143545922
217837,0.6481150895787614,0.7137471486901847,0.7557399023945659,0.7660116228859662
652866,0.7535726885225196,0.6429172487806942,0.8111145404091838,0.8389564023592225
552830,0.6350757296016053,0.6515522801770628,0.7465468018836497,0.7853896014503683
816060,0.7073045538110594,0.5794874515293644,0.7314955657596998,0.7394793091749016
683060,0.6148364458112063,0.8707222115396243,0.6960574233933563,0.5657398141660084
545611,0.7888957952055486,0.7920616321303888,0.8196954380353056,0.7350775781016448
751366,0.6255218066796453,0.7633356302516972,0.7103306825567599,0.8297929882226581
138509,0.6238101651658807,0.7294901338204011,0.8235652369777395,0.7040813537817303
982601,0.6646009667366973,0.5552305590122373,0.685212175092322,0.7218829655268868
447329,0.618817303140619,0.4942983336009465,0.7881148983231818,0.83158090569829
118393,0.6728297220832479,0.7888406464720871,0.6120811522542576,0.6990324463914022
791582,0.7391858997267535,0.7941693112449706,0.663832739012214,0.761736803321956
815076,0.798368400069678,0.7189922020652719,0.7006471873790665,0.5434044886585834
999714,0.7136359700784722,0.6949199256561682,0.7277181338543686,0.7094680092910486
635222,0.7255729559360332,0.6478506040456342,0.7336807671216774,0.7563476018311045
568666,0.6988791817496197,0.6821585137416598,0.6766438519212867,0.594328071261409
753438,0.6717811149786533,0.7642321235470334,0.6655399618156919,0.6063150696167912
793675,0.5735715606886763,0.7215775745668487,0.7443462493556774,0.7411714932605045
678461,0.5898971281453451,0.5880793440296793,0.8809527461758941,0.9079667421375128
424543,0.6499458739717277,0.6820085397784705,0.5997003650606072,0.7070781110702568
153940,0.6001984058406007,0.8381049942005813,0.7736790514803478,0.6844158682435895
314363,0.6426901956784707,0.6924344213760413,0.7867143166083224,0.7205059821501704
753872,0.5267023750621452,0.7417435519755025,0.7512709740187529,0.6832713582884181
957642,0.6782902883979254,0.8405894045831881,0.6771147485562591,0.7026960176227046
871000,0.4722627670034817,0.8435994167060306,0.7353514921348686,0.9142906771514595
625328,0.5750475113788518,0.6224193418871192,0.5776968583356992,0.7528196363479138
262277,0.3972567024375989,0.686623474425075,0.6517843840751643,0.7149826653855449
361096,0.4232040081099807,0.7319042358261489,0.4536937767678262,0.6878162716851095
724848,0.6633574869252314,0.534776258707138,0.8155397016219417,0.7138125097629259
752195,0.6483117297039674,0.6798633771387814,0.4638511929972742,0.7123681519960248
429136,0.6424848860823796,0.6842711425956899,0.7840768518758858,0.7394258806972246
851678,0.7384914861814502,0.6977101168436481,0.7760830802803549,0.7575469517788384
236446,0.6956140583595442,0.6865545024672814,0.5875039003571126,0.8561656336769123
454208,0.59847799575325,0.758954647640238,0.625350493443669,0.5404449403365719
740092,0.5960815998136015,0.6757638126438826,0.6223272643091511,0.7862953002274461
437318,0.6549541262523182,0.7127608593765985,0.7516464679204253,0.6633227177657519
590618,0.5837088271376004,0.7740377367470619,0.7920342877090514,0.6242651686179159
862231,0.619229875074305,0.6989450447235795,0.6580800351260512,0.6967571108336191
867788,0.6129272116752739,0.5994276831701124,0.7538712055503121,0.6745547962222835
131665,0.730744810058266,0.8456974892077965,0.845230121246733,0.8125806395278102
587021,0.4670808803187738,0.6880910274300328,0.7186352359796327,0.8170902527547556
255491,0.5814757428822996,0.8439393431154062,0.5698109205787534,0.7647406200239146
368957,0.6700325124118192,0.7002404480773461,0.9468860962759604,0.7646295359715982
774837,0.6447494691301117,0.46795246023236237,0.7359894866127092,0.5526509574785442
597707,0.6365711431856023,0.7412621850977537,0.5588340869063047,0.736677843907155
521111,0.6275921141681051,0.7677566775391532,0.7863422068697905,0.7674027086216972
374397,0.6424661544909103,0.7749497198996078,0.7335265429997351,0.7629644950547422
431975,0.7260179902853656,0.7168538832595938,0.6085175541310196,0.6832622304834182
744297,0.48175270123649483,0.722495950798818,0.6746131650737615,0.5619793384354485
440630,0.5895318906194309,0.6903527058920974,0.5914480131533061,0.6889480547493461
999465,0.5709342032597076,0.5511620423054912,0.6796848788224514,0.7753590038924103
666414,0.7704561013560915,0.5581689300186161,0.6935072004240637,0.6046034707149915
816376,0.6207501459797795,0.7841113656284576,0.6897662197343284,0.793323328694661
592307,0.6988670176151184,0.7915756932227527,0.5453686110527952,0.544495899984205
893245,0.7204761968292086,0.7021688171783491,0.582726222023107,0.7638067825330597
848510,0.497823611954619,0.6512276837628896,0.7791787834750774,0.6492291619110004
798036,0.937748993247457,0.8498614393052117,0.6898126483037909,0.7186492720179537
621129,0.6811977270100281,0.8379515842913705,0.7682046082674209,0.6305229860105163
584769,0.6913200684708352,0.518162919034538,1.0,0.6666644916579442
250589,0.5595928892715364,0.6206975436240806,0.7291025946656142,0.7954570681321398
252894,0.6613422068067556,0.45282489897026557,0.9055848004182805,0.6541497688056608
356668,0.5269746815461088,0.8646833506631251,0.6699830281794319,0.8188183720160416
625033,0.6339289029008122,0.7111411014834832,0.6113607566821216,0.8944598163096312
525017,0.8145312523305146,0.5034576200397729,0.811612891271277,0.8510883547580002
780023,0.859161651294299,0.7833747052352149,0.6832776883909764,0.7034189174126297
658613,0.6725012247711423,0.6051355551660229,0.5729434998889318,0.7211190249890395
932663,0.7757792343695733,0.7706792984063312,0.6804422316725478,0.7920759768357684
105585,0.5893958936337808,0.8455361202928002,0.6871451960281311,0.6720660425473727
593353,0.6604987220029186,0.7072258476933698,0.8469470066441507,0.7590860000495353
759700,0.5928643694519268,0.7721055952043875,0.764395042563097,0.8226606049241791
409624,0.6132916288005003,0.8654256006508618,0.6805091519158845,0.5711719502663535
180716,0.766681876229081,0.5443211680336228,0.7269787527154703,0.7583066959034318
668093,0.618753122343229,0.5320979392151863,0.6341695280810733,0.9032829562292504
437916,0.48850966754259906,0.7097267920390747,0.7456605333147656,0.6920140315540552
515691,0.5967090328760324,0.6108648232465143,0.5995379996799627,0.7072852013668487
735147,0.6283251157803402,0.8240586677814471,0.7350507242110812,0.8313183719533733
720530,0.632891454077455,0.7636253664618621,0.6207790978576668,0.82911161601492
592240,0.7741822204660258,0.764095790822451,0.6548505382989,0.7421278630836189
206649,0.5824758177843647,0.5998813689510208,0.6067624135844542,0.7244203020592122
681219,0.7571933217432258,0.6939723660007747,0.5798313249187106,0.6960120650449065
782906,0.6304295006169977,0.7266319944162435,0.5270143877844297,0.7421912940837715
766443,0.5739310539275104,0.713585353451373,0.5461273834554404,0.8153434172480698
466449,0.718983693355162,0.7163274514479732,0.8466518425833375,0.6109628858449706
478937,0.7641141586549642,0.58493756299961,0.7540775123167037,0.9784416527114058
509048,0.7117309601735592,0.7581468701002607,0.5518429451477209,0.6758174699955787
777854,0.6660265719090446,0.5504906013219302,0.7118812716961282,0.9300895873522262
798441,0.6496500821969535,0.8378518803544203,0.8566496355118624,0.6973392846895311
187323,0.6558651053791912,0.6479248130993398,0.5978733301950302,0.6069835751720274
153957,0.5609051199044395,0.5401855207367021,0.5878114248652604,0.6625346150351924
945544,0.5547124039035122,0.762617967600129,0.5593555247184788,0.6482146926166876
874829,0.657928727763,0.6843315983500201,0.5698762188004263,0.7462008290505242
200688,0.7082698090445497,0.7080893001702698,0.6035758706866858,0.69321741442493
951659,0.7435783675135968,0.7547131557112269,0.7763560583962819,0.8398976359359706
255238,0.6795536097132255,0.5681581007353095,0.7412390042796887,0.8231428285713266
288886,0.6132594528269845,0.6666364501977219,0.5125601739182131,0.7737806830172996
971644,0.6589703081320434,0.5062365129942973,0.5820705456926701,0.7045430386020837
438441,0.5427538465642179,0.7060190131149042,0.5215249802599304,0.5795357022130943
986587,0.5805760398052102,0.6161742300387912,0.6691092946023618,0.9098211932886024
858722,0.5294365608090317,0.8189161807057135,0.5234486863909933,0.6228628045533044
639715,0.5893868981735022,0.7470466934246682,0.5233724759920688,0.5256029891445235
108184,0.7986164330039265,0.7278859026990816,0.650589669171808,0.6348842671814015
165217,0.8251465891581155,0.678137315761655,0.5589347258836065,0.6142717126785314
233544,0.5792666453030121,0.7339485217252165,0.5910917264506809,0.798688994428184
363197,0.6846007697936765,0.7285816566841715,0.8000040777083357,0.8173101855325587
297490,0.6771765554281323,0.5641475648266547,0.8443220193818431,0.8402786163395194
286239,0.512949736863805,0.773194685883586,0.556345759230688,0.7580910209121741
419662,0.623617052780391,0.5795867045183157,0.7067623194982363,0.7248410144151254
827794,0.8176205600406278,0.5257433756011178,0.7974023457753323,0.7620949862684891
115041,0.5467107599907126,0.7188461628125753,0.8186963374841543,0.64575891905403
669983,1.0,0.5381559357559382,0.6701909991876756,0.5836601937633655
571051,0.35011810671758087,0.6611396622088661,0.6140756254371718,0.8507693260184883
814682,0.507345813372551,0.9419216965703162,0.7282840408641729,0.7544186586248051
643853,0.605694678167858,0.7424397211592296,0.6202495132806308,0.7764149064602989
415267,0.7417178053902354,0.7812752645524152,0.7503919542394296,0.7691321707872621
569291,0.59984472558276,0.7421351262813566,0.7856001075506734,0.6644948812520953
336331,0.556026030864751,0.6042582822898748,0.7784454209036684,0.6990194862862378
117415,0.716410170208537,0.7425633040253217,0.7107356897901208,0.6990716128476366
185674,0.6743741055682579,0.5573160174180554,0.9137744087187852,0.47567886331113485
269434,0.7323358101896845,0.6791839135391836,0.8350353817938276,0.8585691497644778
534988,0.5852035481760702,0.9167755182327061,0.7191362765033004,0.5766679956491445
250628,0.7403145323262058,0.8459907890452757,0.7095607634618989,0.6865477313086192
475610,0.5558441134887492,0.6367048250569108,0.4673579224964111,0.6035207813372799
729076,0.5064956843292714,0.7438562440829184,0.6675500177310717,0.7796918539124564
908554,0.8087734521149309,0.6524473642640704,0.8207145208643027,0.7633226771920816
558951,0.4937221798063211,0.6864146256475213,0.7619712669856185,0.737277203877972
641870,0.662269913603373,0.5816406464366173,0.6484398305810433,0.825976487043812
656284,0.5359475511312858,0.8357064153239545,0.6919258690655784,0.5888402212687076
439402,0.6011734710889337,0.7030257461052779,0.7236794907905064,0.7719146797198538
755168,0.698483987223912,0.7381228258278459,0.872370666978791,0.6879153546409765
188261,0.6589438658056249,0.6406443081275123,0.6155237840621787,0.7406646072142625
933577,0.5673822433165735,0.7197880933615772,0.7522304768018961,0.7859337506062205
911910,0.7907498101564921,0.7280150839572876,0.6802233933286927,0.7295490774486078
686314,0.8351895194597773,0.7478964364372914,0.8827630071451227,0.9240063967176415
681665,0.705966159630726,0.7310611351317408,0.6413985917575267,0.8192676174386109
279656,0.6570699780674792,0.7465894448364823,0.7702966755118607,0.76771322324335
638888,0.6391060695737665,0.5386863380873597,0.545631525289015,0.7591300980048918
576412,0.6133657843593099,0.6800530918264808,0.586698817192019,0.7675830483124482
967104,0.6382034635924336,0.899200324384112,0.6289634900959539,0.5112026656490078
501401,0.6446333897359182,0.6580474047167453,0.7242672136176982,0.7575396171255325
285887,0.5854739844753023,0.6868739380175061,0.853029056618596,0.6204726814608336
927969,0.7568218288677514,0.6945087422624988,0.7480472870660233,0.6975604672409832
896619,0.5263494968657099,0.7736219472005101,0.7317790682219887,0.7043501363020804
646841,0.6748101583819011,0.4880573904961235,0.7492170978767607,0.7236943162498632
834179,0.7159950757828175,0.5018798659643772,0.5025103392788388,0.6792446061174406
995308,0.4253699788401252,0.7179815575370754,0.47770122393820935,0.9255730204543003
430066,0.6829980675051776,0.7349719686900766,0.7323885254965384,0.8742250449400355
515088,0.6635423110190263,0.6886165772858686,0.6619902172871388,0.6433561378308595
926311,0.5758968995408722,0.6677805578642915,0.6554441355901868,0.7465926693072048
825397,0.6580411518020776,0.7607192764375662,0.6242835849137669,0.7471889187292209
582951,0.4087255972542521,0.6460343020024715,0.5539077472763014,0.8166787383878455
519553,0.5470130752126524,0.7984586689709019,0.4928144384148324,0.5480189106020412
248116,0.6133960360942214,0.7955445607129286,0.6046366192902134,0.6223220339929063
471843,0.6761551223052434,0.7563516670144808,0.7230399813102447,0.7064392908535108
921877,0.6730298491290115,0.6119561768675028,0.6891690838617088,0.8044843178036108
280698,0.5479455784860621,0.5479790509113869,0.7058607890502909,0.6254107480052316
269842,0.5344438991820827,0.7490838223568941,0.555048972432071,0.7311520482239149
802037,0.5095483826496978,0.7401085035865049,0.6943316865787099,0.7075561060348463
976721,0.561390122988646,0.6941110668006509,0.6594222807709909,0.683990412613794
743841,0.6614250289619412,0.5926291579506411,0.6315419141748637,0.6808637456608423
118114,0.6303520019037877,0.8181421734934676,0.6380233675045294,0.7044030041179404
721397,0.7519321023733899,0.7460105059835671,0.621914866052994,0.9077400769564785
413127,0.5611109441519948,0.601452322220845,0.6005076667611573,0.7018180250685772
661037,0.6602584336588306,0.674820791790248,0.5717222407942942,0.9330139663168899
668562,0.7263474346686716,0.7309112068377369,0.7496257658946166,0.6875851545175149
567751,0.7631390268664366,0.6772343281559952,0.7767895606375885,0.5977989165225159
238696,0.7406938964978362,0.5262222712336007,0.7664316250968249,0.6377335269783992
457298,0.6324894820083768,0.8461417588649419,0.8209728565880294,0.8745381677683777
723964,0.7455851217494696,0.7743073342255632,0.8461827981630606,0.5978743593341145
181525,0.6412616705768793,0.5673581232807089,0.6784826837248811,0.7819690347918147
599235,0.6175070784188168,0.7496269623622084,0.7540005106403526,0.8194091471807546
575340,0.7615258425639694,0.852220675534098,0.6490283540325035,0.6377776930613046
362674,0.6811291854440309,0.765061165052299,0.652127189987739,0.7473031875044749
540073,0.5142534640343308,0.6460578637999493,0.5019860978363337,0.8704080499211148
997877,0.5574349875002668,0.4893573809237809,0.6814181266926411,0.8828874377757084
238541,0.7994259023555325,0.81191432722784,0.6546259414367657,0.8703209973457515
154379,0.7262600358306215,0.5966484418873907,0.7404731151619915,0.7734230614119076
512762,0.521944247939155,0.5575536375245428,0.5340514363080631,0.9443350443673484
236621,0.6659804479563775,0.6896483507287838,0.6889119904086947,0.613893364885735
401192,0.7470264618716302,0.6256296234747901,0.7405352003728185,0.6667227288175401
329274,0.645247027463201,0.7953096087338112,0.729405526910461,0.8067067832534215
632607,0.6424044895796951,0.6854009660225155,0.7272841056223324,0.6965052790495267
169139,0.8484695237517258,0.5591924438118944,0.8161427513205158,0.6999766029948055
673087,0.5062814328501276,0.8303986286510052,0.873451266333451,0.6377571905977016
917055,0.5918509329044352,0.8086116903687387,0.6257568666310894,0.6468015134643312
284199,0.6541432833143466,0.6358566299146174,0.6862211555031835,0.7334734402182137
979391,0.6167349098687984,0.6136887439784509,0.6012253569156065,0.7594192043208478
223771,0.6980216840360108,0.7197784465981286,0.7871754461924172,0.5902061774332976
181268,0.7553912895181212,0.6995234634826385,0.5516523916239462,0.8359848057097148
150447,0.810153942430213,0.6882690441450906,0.6854944556396089,0.8041561881339998
666844,0.8501171435766226,0.7515777275448934,0.6576224137130179,0.6028432820188521
742559,0.6202854853057438,0.7542748174446228,0.8637200349837411,0.6852099035079041
308684,0.7728673309435645,0.7755972714103724,0.7800737265737065,0.6338037511521764
651011,0.6078163024489135,0.7316520594941893,0.5569409648164888,0.834049452185114
521813,0.5055059360005062,0.8352586039114351,0.5452503683018096,0.7904113141950978
319615,0.5773634960163142,0.5430145315273284,0.8297268243102552,0.6810947280093275
373772,0.689241564844801,0.8196964929838224,0.5893809622941746,0.7530036985680625
936730,0.7170500436892782,0.6932861409071267,0.5667186764090045,0.7460482696713252
505710,0.6333676114039652,0.5236324257791714,0.6965848154656362,0.8107651053677519
999108,0.6073530547751983,0.6873563101718304,0.5996832483103425,0.9186872283380565
965004,0.6201166780261169,0.6610894915472486,0.5384875464244095,0.7393118884397554
234505,0.7888261760746957,0.7021166455921513,0.7879621926825212,0.7184200463625405
124317,0.7368425413304421,0.6935443998886549,0.6933148138725309,0.5904032830095043
243964,0.7116281416202407,0.9742660428455833,0.6665162400044186,0.6250759390019901
479646,0.7404293790633476,0.7763156653776135,0.6962936763889745,0.7900197384995334
374221,0.7084000225147268,0.6761149275859241,0.6589172697674034,0.93768536725196
551566,0.7264802682873844,0.6209077087971369,0.6092681558642536,0.7540017118158173
593153,0.4879058278546765,0.6013198499593632,0.6825981739166308,0.7832128767547385
143041,0.7025091635238816,0.5084812046522249,0.6262662679231221,0.6672993897156516
741294,0.525324571723838,0.7080899185721186,0.6679498479225846,0.7629703605165005
309098,0.8983713699387295,0.8849039192697854,0.6296367155692618,0.6529534274450775
187774,0.5573232639352184,0.9087622544526804,0.5026896823136215,0.6794011770534701
462568,0.5776398072645761,0.7044698006291281,0.5888457177571188,0.7693756063355075
993866,0.6638886019702798,0.7887011626410105,0.56566790515979,0.5951601180539254
754794,0.7828683957872025,0.5297067431460353,0.8016019415217805,0.6802767800368094
884439,0.7573386183894582,0.7492393181814544,0.6851429718952122,0.641766908978691
900550,0.6199331246971559,0.6297830889384621,0.718557893136947,0.7988996150054489
282580,0.47128021308116186,0.8354243147764299,0.7652240804259449,0.7381613920417233
453360,0.6718173231719218,0.6875755548739478,0.5657471529251143,0.8429973891263562
347245,0.5960116163342065,0.6350631567115272,0.7572682162117115,0.5742347022161325
486914,0.6723009422830746,0.4861163704831586,0.7549973051473043,0.7058228484382386
835164,0.7794486308351316,0.6558293468264699,0.7096125685895709,0.46931191771459685
104505,0.6583004079873956,0.8272574659759202,0.708161562763521,0.5529140794861612
185777,0.5002456647618665,0.5610650028086388,0.7684970236447086,0.682159308764711
760624,0.8208156131772488,0.7566994317356404,0.5777664011164684,0.7065861646909766
178518,0.5776051447971997,0.6456308490574932,0.5401742282503352,0.827598276347279
311484,0.6151922678215311,0.6655672200108499,0.7052699509656447,0.8361046410015361
777395,0.7193020791529352,0.7008317000537396,0.5912819440273978,0.6514471234997018
622930,0.6980457348204343,0.8910659259702456,0.5245256110548233,0.8154208618339116
209036,0.6799835052571593,0.5430380313218907,0.8809763946212442,0.7006359994232705
378603,0.42854479404215673,0.5719614393832809,0.6160817404896726,0.7733359866532239
181571,0.6083530920073761,0.6078751241915559,0.5528552506159226,0.6043953370836205
919830,0.5211596494981928,0.6523405285618026,0.6983951984324944,0.6641960683815
307101,0.7133019079516201,0.683129308852542,0.9063518784164054,0.7794555623694095
725724,0.8016450852818175,0.5869056169273809,0.5846637958956532,0.8458668843171663
113118,0.6458968299185418,0.621075308156156,0.6045754035982098,0.7623355149018867
915204,0.497006204905313,0.8314712104338633,0.7631670177274564,0.8295893473178093
693034,0.5712175266297391,0.7511700459220961,0.7620101022628738,0.6562860204520818
772806,0.7648446393023737,0.6869450659016065,0.7566374751576728,0.6523830445467468
125648,0.7181503532743589,0.527689695810694,0.7357524452845815,0.6376900033326107
203106,0.7928613547073651,0.8120721671742137,0.6259516548172683,0.7738275555920127
623457,0.8536428109582649,0.830602247728925,0.8711138959522585,0.6321717387604531
525940,0.5695721408148442,0.6574173833459661,0.6583503124395715,0.7683845427171536
506364,0.8013135962964651,0.7560972604883316,0.5926693196959526,0.6990023502221758
516800,0.657217068484954,0.6753961473646346,0.4761674852016743,0.49325672122100583
525154,0.6860957230178748,0.6379467607927856,0.5675881611276663,0.7404795585017102
654605,0.6734127442664756,0.8107704045018025,0.763323674421442,0.7904475906092328
236747,0.554457149208372,0.8962656700677523,0.9565108132607496,0.6440227752649428
247820,0.6842726821671892,0.6364956530713295,0.6556075675910001,0.9023839291280944
745835,0.7789291630328017,0.8115708836102409,0.5264054305211583,0.8311749580454111
235881,0.6635891381278333,0.6852055951284444,0.6304232745230495,0.7273387881185521
819608,0.565228033738954,0.590407045882301,0.6324086279249518,0.8168243848147168
148651,0.6830317705744201,0.6639186587709419,0.7090834156492375,0.6231545982299683
234581,0.6761997052168802,0.6525066163621065,0.6738694300495114,0.8514911039384845
657736,0.5154563604015658,0.5966918903556732,0.8949559343911504,0.7306838945452621
565158,0.5442705507336089,0.6836543156068521,0.5606434117180482,0.8117148118901995
604586,0.8537547020951324,0.6869438129125827,0.6627936899207727,0.9506576455793356
810825,0.5057051154605713,0.6604095285141521,0.8722521658612389,0.8043089644803518
901118,0.7372748994300292,0.6418724340326053,0.6606456189940062,0.7644902803325888
250854,0.6543689758253615,0.6939799918829173,0.615117651507056,0.7763597520892008
320999,0.7790988489837244,0.6766983269298805,0.5025896076877493,0.6162739841826089
421397,0.611639978369634,0.8526011013217168,0.8398030962601936,0.7610623454279124
786393,0.6558829931598187,0.5792990147652868,0.6704017658934892,0.7694187257097626
199805,0.593970533155952,0.6654963784081402,0.5698927659630311,0.6444703282905269
414532,0.7214676629619954,0.5941778349666116,0.7145476964688684,0.644349335561802
